Class Name,Average_Rating,Share_Recommended
Blouses,4.154020019373587,81.0138844042622
Casual bottoms,4.5,100.0
Chemises,4.0,100.0
Dresses,4.150815002373793,80.81974996043678
Fine gauge,4.260909090909091,83.72727272727273
Intimates,4.279220779220779,85.71428571428571
Jackets,4.295454545454546,84.51704545454545
Jeans,4.360941586748038,88.14298169136879
Knits,4.161676646706587,81.76749948379104
Layering,4.376712328767123,88.35616438356165
Legwear,4.278787878787878,86.06060606060606
Lounge,4.301013024602026,85.96237337192476
Outerwear,4.198170731707317,81.70731707317073
Pants,4.265850144092219,83.28530259365994
Shorts,4.255520504731861,83.91167192429022
Skirts,4.245502645502645,84.55026455026456
Sleep,4.285087719298246,85.52631578947368
Sweaters,4.179271708683474,80.0420168067227
Swim,4.1971428571428575,80.57142857142857
Trend,3.8151260504201683,73.94957983193278
