Review ID,Clothing ID,Department Name,Rating,Review Text,Issue,Fit,Raw Output,Final_Issue
26,949,Tops,2,I have been waiting for this sweater coat to ship for weeks and i was so excited for it to arrive. this coat is not true to size and made me look short and squat. the sleeves are very wide (although long). as a light weight fall coat the sleeves don't need to be as wide because you wouldn't be layerng too much underneath. the buttons need to be moved at least three inches in for a nicer fit. i thought about redoing the buttons myself but the sleeves looked even more out of proportion with a tigh,size/fit,small,size/fit|small,size/fit
18807,1094,Dresses,3,"This is a heavy dress - it's surprising when you lift up the hanger how much it weighs because it looks like a light sundress. and on my frame, which is pretty thin, it hits my shoulders and then my hips and just falls... so the heft of it means there's no waistline... it's an odd fit. the color is gorgeous, but the lack of shape made this a no.",size/fit,neither,size/fit|neither,size/fit
2334,1047,Bottoms,3,Perfect summer pants until i wanted to pet my dog and they ripped first time wearing them.,fabric/quality,neither,fabric/quality|neither,fabric/quality
8059,1078,Dresses,1,The dress arrived wrinkled so i washed it and pressed it. it looked beautiful until i sat down. the entire dress was wrinkled and it looked terrible all day. can't wear this again.,fabric/quality,neither,fabric/quality|neither,fabric/quality
17498,1081,Dresses,3,"The dress had great potential, but the top sagged and made the dress look unflattering on me. unfortunately, i had to return it. the length was great, and the back and sides of the dress were nicely tailored and flattering. perhaps this would fit someone else better - i have a 34b/34c bust, and it didn't work for me.",size/fit,neither,size/fit|neither,size/fit
7167,1092,Dresses,3,"This dress is beautiful in person, the details on it are amazing. the only problem i had was that it ran small. i am usually an 8 or 10 in retailer dresses, but had to size up to a 12 just to be able to breath. the top on the 10 was tight in the chest and arms. when i sized up to the 12 there was more room, but not by much. the embroidery detail on the dress is the best part, it is exactly as shown in the picture. plus it has pockets which is always a plus for me. lightweight and great for warm we",size/fit,small,size/fit|small,size/fit
19925,1086,Dresses,3,This truly is a dress and not a tunic. i normally wear a medium but they were sold out so i thought i would try a l petite. i am only 5'4 and the large p was really long. i could definitely wear as a dress with tights. i am hoping it comes back in stock so i can try a medium p. unfortunately it is going back. cute sweater as pictured on the model!,size/fit,large,size/fit|large,size/fit
11903,872,Tops,3,"Online this top looks fabulous, but in person, not so great. great color, nice quality for a lightweight top, but when i tried it on, the neck does not lay nicely. too much sloppy wrinkled material just hanging awkwardly around the neck ( and i love cowl neck). i found, for me, it dipped very low showing cleavage and i have a large chest, so didn't work. for reference, i'm 5'4 118 and usually wear a small in retailer tops because it seems the majority of their clothes run large. i purchased a smal",size/fit,large,size/fit|large,size/fit
775,1110,Dresses,2,"This didn't work for me. im normally a m (8/10). got this in xs. that was the correct size for me, i believe. however, the armholes were huge. husband said the top of the dress looked like the autobots symbol from transformers and he wanted me to keep it. but, i sent it back.",size/fit,neither,size/fit|neither,size/fit
1450,1072,Dresses,3,"The design of this dress is darling and so unique, and it's very well made. but i agree it's very boxy and overwhelming for a petite frame. i'm 5'3"" and ordered the 2, and it was like wearing a hospital gown. if a petite were available i'd have tried that, but this one's going back. shame, too, because it's adorable. the gap in the neckline could easily be stitched or sewn shut, but that's an inconvenience when this dress is already priced so high.",size/fit,large,size/fit|large,size/fit
7838,1053,Bottoms,2,"I love jumpsuits for their style and comfort. i loved the look of this blue silky piece, and the review that said it was like lounge wear you could wear out of the house. i agree that it is like lounge wear, but for me, there were a few challenges.

first, the fit was small. i am usually anywhere between a 2 and a 6 depending on style, cut and brand. i tried the small in this and it was not a flowy look or feel. it was restrictive in the hip area in a way that would make me not want to wear th",size/fit,small,size/fit|small,size/fit
7231,183,Intimate,3,"I really like the look of these socks, and have become obsessed we over-the-knee socks for winter this year. they are very tick which is nice for keeping warm and for durability for a long lasting product. my only complaint is that they are very difficult to get over the knee. this can be a great thing, because they certainly do stay put-which is a huge problem with over-the-knee socks. however, by the end of the day i was pretty sure i was going to lose a leg from poor circulation.

i am still",size/fit,small,size/fit|small,size/fit
7808,868,Tops,3,Unfortunately this top looks billowy and boxy on my. i am tall and very slim and i look pregant in this one ;). maybe it works better on somebody more curvy.,size/fit,large,size/fit|large,size/fit
8299,1078,Dresses,2,Frumpy - looked like a nightgown on me; maybe  better on someone younger ...,size/fit,neither,size/fit|neither,size/fit
10441,819,Tops,1,This was a very odd fitting top. i should have read the description more closely. the colors are beautiful but the cut hit me in all the wrong places.,size/fit,neither,size/fit|neither,size/fit
13510,942,Tops,2,"I was so excited to order this sweater. i thought that the moss color would make it a great basic for work or casual days. ordering it on sale made it all the better. however, when it came i was so sad to see how muted the colors were, with little definition. the sweater itself lacks definition as well, just shapeless and hangy. i also did not expect the angora like hair on the sweater which bothered by eyes as soon as i tried it on.",fabric/quality,neither,fabric/quality|neither,fabric/quality
10440,1078,Dresses,3,Very cute and would transition well season to season with different boots/booties.  didn't lay well on chest for me.  returned it.,size/fit,neither,size/fit|neither,size/fit
4843,829,Tops,2,"This top is too short, so much so that tucking it in would be difficult. the designs are lovely, but the short length is putting this top back on the rack.",size/fit,small,size/fit|small,size/fit
69,1078,Dresses,3,"I really wanted this to work. alas, it had a strange fit for me. the straps would not stay up, and it had a weird fit under the breast. it worked standing up, but the minute i sat down it fell off my shoulders. the fabric was beautiful! and i loved that it had pockets.",size/fit,neither,size/fit|neither,size/fit
7215,1083,Dresses,3,"This just did not sit well on me. while the length was fine and the fabric was a nice thick weave with a flattering amount of stretch, the twist at the shoulder just looked odd. it did not sit flat at all, so it just looked like i had gotten dressed in the dark and had not managed to sort out my sleeves. given the spot-on quality, i would definitely look into other items from this brand, but back this dress went.",size/fit,neither,size/fit|neither,size/fit
23291,1028,Bottoms,3,"I am so bummed. these jeans are the perfect weight, totally distressed (and torn) in a way that looks like you've owned them for years, they flare out at the bottom of the legs just the right amount...but there is one huge - or i should write small - problem: your thighs have to be incredibly small to get these pulled all the way on. 
----------
i am a 27 in level 99 and ag brand jeans, and a 28 in my other pairs of coh jeans and in mih jeans as well. i do not have an hourglass figure (my shou",size/fit,small,size/fit|small,size/fit
18506,1081,Dresses,1,"Do not buy this dress for full price. the design looks great but after receiving the dress, the material is made of extremely cheap slinky-ish polyester that you would find at a f21 store. the stitching is horrific and created an uneven ""hump"" on the back seam. just absolutely poor poor quality.",fabric/quality,neither,fabric/quality|neither,fabric/quality
14662,863,Tops,3,"I ordered this top in 2 colors because i thought it would be great with leggings. i always love my retailer purchases, but this fell a little short. i think it may be the type fabric it is, but the way the back hangs so low on my frame (5'4"") it doesn't drape nicely over my leggings. the style of the top is very cute and maybe if i wanted it for skinny jeans, it would be ok. i returned them both to the store.

this is one that would be better to try on first...",size/fit,neither,size/fit|neither,size/fit
12033,1077,Dresses,2,I was so sure i was going to love this dress when i saw it on the rack. i was so disappointed by how poofy on the bottom. it was not flattering at all! i'd love to see this pattern back with a better fit.,size/fit,large,size/fit|large,size/fit
9539,862,Tops,3,"The wine color is beautiful, and the idea of a knot front with different back is a good one. however, both fabrics are thin, and the back is quite see through. the knit shows every single bodily imperfection. so, if you are the quintessential tall and thin, and you don't mind showing your bra, go for it! otherwise, i suggest skipping this one.",fabric/quality,neither,fabric/quality|neither,fabric/quality
16913,984,Jackets,2,"I'm returning this jacket. i tried it on after it was delivered, and was happy with the weight, cut, and color, although it's more dusty mauve than it looks in the picture. however, the stitching and the zipper are of such poor quality that i doubt  it will last very long. i actually can't get the zipper to zip at all. it's very rough and lightweight, and i'm afraid if i keep trying to force it i'll just end up breaking it. sorry to say yet another retailer item turns out to be poor quality.   thi",fabric/quality,neither,fabric/quality|neither,fabric/quality
5564,1081,Dresses,3,"Just a warning, the yoke on this dress has sequins underneath. i'm not a sparkle kinda gal, so as soon as i saw that, the dress went right back in the package and will be going back to the store. i wish that had been described or more evident in the pictures, to me, it cheapens the whole dress, which would otherwise be adorable.",looks different from photo,neither,looks different from photo|neither,looks different from photo
19121,1121,Jackets,3,"This trench is beautiful, with a lovely, swinging skirt that adds a romantic sense of drama and movement - you'll feel as though you are starring in your very own film noir movie. i wish i could have kept it, but i couldn't justify paying full price on a coat that had to be hand-washed (the label specifies no dry cleaning!).there is a lot of fabric on this trench, and i imagine that all those little pleats will have to be ironed too. i don't have the time for that, and for this much money, i wou",price,neither,price|neither,price
20001,873,Tops,3,"I was wondering whether to purchase this top and decided last weekend during the 20% off event, i would splurge!!! i got the m as i'm tall (5'10"") and it does look a little strange on the arms atleast on my body. the sleeve is cut too high for me. i wish it was longer or even a long-sleeved item! the peach-apricot- nude colored fabric is a little uncomfortable and the fabric close to the neck is a different grey from the other sweatshirt pieces. the sweatshirt pieces aren't particularly soft eit",size/fit,small,size/fit|small,size/fit
8057,1079,Dresses,3,"This dress arrived with a black rope belt and belt loops. i did not see this in the photo. i thought it was a throw-on-and-go dress, not a belted dress. this, in addition to the weird sizing, caused me to return it. i am a size 4-6 in dresses and the size small i ordered was skin tight and bunched at the hips.",size/fit,small,size/fit|small,size/fit
16021,1056,Bottoms,3,About a month ago i purchased the pilcro hypen chinos in moss size 28 petite. i loved the color and fit so much that when i saw free shipping being offered i decided to get another pair. this time i ordered the color ?pink? and of course size 28 petite. well the color really isn?t pink and unlike the moss color it does not look the color online. the color is more like salmon or apricot definitely not pink. what bothered me more is the fit. this pair was too big. it?s mind-boggling why the sizing,size/fit,large,size/fit|large,size/fit
4033,1094,Dresses,3,"I thought i'd like this dress in the neutral color. i had to return it it as it was quite unflattering. the skirt made my hips look big and the uneven shape didn't help. the top fit well, in my usual 4 petite, i think it would look nice on some people, as it's something different but i am not one of those it worked on.",size/fit,neither,size/fit|neither,size/fit
99,861,Tops,3,"I am in need of easy comfortable tops for everyday wear. i bought this top mostly because of the cute buttons. when i received it, it looked exactly as it does in the picture online, however, the buttons kept slipping out of their homes because the holes were slightly too big. the shirt fit but was just a tad snug near the upper arms, which would stretch and loosen up throughout the day. it's definitely a comfortable shirt, but it felt more like a pajama top. it's going back.",size/fit,neither,size/fit|neither,size/fit
4384,1078,Dresses,1,"This dress looks and feels cheap. the white material is stiff and does not iron nicely. the grey sweater is super thin and very cheap looking. overall, a pretty horrible dress. save your money,",fabric/quality,neither,fabric/quality|neither,fabric/quality
2316,1100,Dresses,3,"Okay, i love the blouse this brand has in the same material, so i thought i'd delight in this dress. i am a 5'7"" hourglass but have a longer torso. i ordered the large in this, usually a 10 or 12 fits me.. but the waist hit much higher than my natural waist, and yet it was somewhat tight and completely rigid. the bust area was a little loose, and i'm a 36c. then the bottom flared out in sort of a flower fairy poof above my knees which reminded me of a navy blue oompa loompa dress.. and i love my",size/fit,neither,size/fit|neither,size/fit
2748,868,Tops,2,"I loved this color and ordered it online because i thought it would work for both casual and work days dressed up a little. ummmmm, no. it's weird and boxy and does not look at all like it does on the model. i think maybe if you have no bust whatsoever and size way down it would look okay. i'm only a 34b, weigh 110 pounds, 5'3"" and it made me look huge and awkward. this is going back!",size/fit,large,size/fit|large,size/fit
10130,820,Tops,3,I saw this blouse in the store a few weeks ago and thought it was really pretty- great colors and fun beading around the wrists & hem. went online to order the petite size and when it arrived i literally couldn't believe it was the same shirt! it was so washed out compared to the one in the store and the petite size is very short (and i'm only 5 feet tall so that's saying something!). the neckline is very wide and open- not even sure what kind of bra wouldn't show?? sadly i wasted the shipping c,size/fit,small,size/fit|small,size/fit
1027,1047,Bottoms,2,"I am 5'6"", 130 lbs with an athletic body type and i ordered a size small. these were really baggy in the thigh/quadricep area and made my thighs look bulky. the fabric quality is very nice and i like the idea of them for curvier body types. my son commented that they looked like pajama pants and i agreed.",size/fit,large,size/fit|large,size/fit
8563,952,Tops,3,Super cute sweater and i was totally excited and then i looked at the sleeves (which are not shown in the pictures). what you can not see are the dragonfly (sequins and sparkly beads suitable for women 4 and 84). ugh. too bad - going right back.,looks different from photo,neither,looks different from photo|neither,looks different from photo
20586,814,Intimate,1,"Ordered the biggest size available, the large. the arms are so tight, i couldn't get it on. looked like it may have fit in the body so i don't understand why so constricting in the arms. i don't have big arms, either. fabric is thin but the color is pretty. can't recommend. i'd pass on this one.",size/fit,small,size/fit|small,size/fit
16494,836,Tops,2,"This top is tight across the bust (i am a 32dd cup) and more trapeze-shaped than the picture shows. if you are smaller busted, it may not flare out as much.
also- the sz 10 is what was tight - and i usually wear a sz. 4 or 6, or small-size top/blouse.
in the end, this wasn't very flattering as it looked more like a maternity top.",size/fit,small,size/fit|small,size/fit
16227,1025,Bottoms,3,These are my first paige cords/pants and they seem to run much smaller than the other brands i wear. i'm normally a 32 in all other brands but with these the waist is pretty tight. i do love the length (i'm 5'9 and they are plenty long.) i also love the bell/flare. i'm not sure what makes this brand so much more expensive as the quality though nice seems comparable to cheaper brands.,size/fit,small,size/fit|small,size/fit
7847,1053,Bottoms,3,"I was so excited to get this! the fabric is beautiful - comfy soft and a great wash/print of blue. it reminded me of the ocean. however, the fit was off. the waist was too high, the length too short, and the straps to long. i was very disappointed. i considered taking it to the tailor before returning. ultimately, i decided to return.",size/fit,small,size/fit|small,size/fit
19905,862,Tops,3,"I ordered the blue stripe and white in size large. i didn't like it worn off shoulder but it does stay in place, which is a good thing. and it looks okay worn on the shoulders. i find the fabric so uncomfortable and itchy that i couldn't wait to take it off, immediately. i tried them on again a second time, still hopeful, with the same outcome. sadly, returning.",comfort,neither,comfort|neither,comfort
6407,1082,Dresses,3,The xxs petite fit great except in bust and shoulder area. i'm a 32a and it was really tight.,size/fit,small,size/fit|small,size/fit
16868,1104,Dresses,3,"This dress was ok - i thought the fabric was soft, but not my favorite. it's a pull on dress that would be easy to dress up or down. but, i have bigger hips and this dress was really not flattering on my - would be better on a different body type.",size/fit,small,size/fit|small,size/fit
15353,577,Bottoms,3,"This was so ridiculous on me. i'm 5'8"" 120 usually a 2/xs. so i ordered the xs. the inseam of the shorts are so short they barely cover my bum. and i mean barely. the romper itself was so wide that two of me could have fit in it.  love the colors, fabric, and the non-elasticized waist. if you are under 5'5"" this might work for you in non-petite sizing.",size/fit,large,size/fit|large,size/fit
19221,865,Tops,1,Top opens in the middle right in front. should have some sort of closure inside to prevent this top from flying open will return,fabric/quality,neither,fabric/quality|neither,fabric/quality
19137,1121,Jackets,2,"I agree with other reviewers. it is beautiful but too tight around the chest. i am usually an xsmall and the xsmall was tight in the chest. i bought the small and it was still uncomfortable. sadly i had to return it. i am 5'4"", 134 lbs and a 34c, by no means i am considered big chested so this is highly unusual.",size/fit,small,size/fit|small,size/fit
17903,1104,Dresses,2,"I'm 5'4"" 120# , 34d. this dress did nothing for me. the seem on the side with the knot doesn't look right. it's almost on the side but not really. there's a seem down the center of the butt from the waist. it looks weird from the back because it's such a fine striped print. not flattering at all. the dress is comfortable due to the stretchy knit and it has a stretchy knit lining. hit me just a bit lower than on the model.",size/fit,small,size/fit|small,size/fit
20437,1081,Dresses,2,"On a positive note the dress was very well made, great quality as usual from retailer. however. this dress looked like a sack, i believe it may have been the combination of the drab color and the sack like shape. very plain and unflattering. for reference i am 5 5 140lbs 34c ...so i do have a shape it just did nothing for me. it had to go back.",size/fit,neither,size/fit|neither,size/fit
13414,927,Tops,3,"I wanted to love this. i have been looking for a poncho-type sweater for our cold midwestern winters. the cream colored one that i really wanted sold out instantly and i missed the window for the xxsp. i ordered this in the xs/sp (smallest size available). i am 5'1"" and 108 lbs with small shoulders. the neck opening is huge. my collar bones and a seciton of my upper back were exposed. this would not keep me warm due to so much exposed skin on my neck, back, and shoulders. i suppose i could get a",size/fit,large,size/fit|large,size/fit
3521,797,Intimate,3,"I am on the fence about this one. the length is great. it hits right above my knee at 5'1. overall it was larger than i was hoping. the waist is pretty loose, and i really had to tightly tie the back to get s good shoulder fit. the bottom is very voluminous making me look wide. i wish they had it in a petite size. for this price, i will probably return it. it's not worth the 300 price tag.",size/fit,large,size/fit|large,size/fit
19079,1139,Trend,3,"The color and fabric of this item are so appealing and i think this is a great piece for the right person. the fabric is beautiful but also much thicker than i'd imagined from the photos. it has a quilted quality so doesn't drape very well and is just too much fabric for me around the arms. i typically wear a size 12 and ordered the large. i think a medium might have been better. haven't decided yet whether to exchange for m or just plain return. has an artsy, cool professor vibe that i like.",size/fit,large,size/fit|large,size/fit
4629,872,Tops,2,"This looks cute on the model but was way too big, loose and sloppy for me. i probably needed a petite size. i ordered a regular xs, but returned it. it is an okay black top, nothing great.",size/fit,large,size/fit|large,size/fit
5779,880,Tops,1,This shirt would be perfect if i needed a canopy on my tent. this shirt runs ridiculously large. purchased a medium and it should be labeled an xl. no impressed with the pattern in person. looks cheap. will be returning.,size/fit,large,size/fit|large,size/fit
780,1072,Dresses,2,"I just received this in the mail today. first of all there was no slip included and the fabric is totally sheer. the description says ""viscose lining"" so i assume there was a slip and from the picture it looks like it was a beige color. second of all, it was obviously sent from a store where they lost the slip and it was squished into the smallest possible retailer envelope. the fabric is beautiful but the dress is humongous like the previous reviewers said. i ordered a size smaller than us",size/fit,large,size/fit|large,size/fit
11039,1093,Dresses,2,"This is a beautiful dress. the quality is excellent. the 3 layers and the embroidery are beautiful... however it just didn't look right on me. it looked like a maternity dress. i am very petite, short with a big bust and it just did nothing for me. i think this style would look best on a tall woman with a smaller bust. unfortunately i will be returning this dress.",size/fit,neither,size/fit|neither,size/fit
3260,1094,Dresses,2,Super cute dress but the waist band is very large and bulky.,size/fit,large,size/fit|large,size/fit
17059,821,Tops,2,I saw the colors and texture of this top and wanted to love it however when i put it on it just did not work. the cut was so strange. it runs very small in the shoulders and then flairs out so much at the waist. i even ordered up a size based on reviews. i ordered an 8 when i normally where a small (6) in things. the shoulders were still too small and it was way too big every where else.,size/fit,small,size/fit|small,size/fit
16625,1083,Dresses,2,"I finally found this dress in store today and wow! i cannot believe this cheap looking dress is from ms! they have been among the top at retailer and this unlined, baggy, cheap velvet sub is a shock! what happened? only the color is nice. please get back to yourself ms!",fabric/quality,neither,fabric/quality|neither,fabric/quality
5694,993,Bottoms,1,"Even following the care label exactly, it shrunk ~3 inches in the length and overall in the diameter. i had to return this since i am tall and it looked more like a work-inappropriate mini after the first wash.",fabric/quality,small,fabric/quality|small,fabric/quality
13572,1077,Dresses,3,"I really liked this dress in so many ways. i'm tall and pear-shaped so the flowy shape is great for me. however, the deal-breaker was how the armholes were cut. it isn't that obvious in the photos, but they are cut in around the bust in the front in a way that was really weird looking on me, and it was too expensive to keep something that's unflattering. too bad, if they had just had a normal armhole it would have been a home run. lovely fabric and nice that it has pockets.",size/fit,neither,size/fit|neither,size/fit
13723,1078,Dresses,2,"I wanted to love this dress so much so that i ignored earlier reviews and purchased it in two sizes to see if i could make it work. the fabric is gorgeous, but the fit was very unflattering. it's too large on top and hangs awkwardly in both sizes. i considered tailoring to make it work but with this pattern i felt like that would be a compromise. in the end i returned both sizes ast the fabric couldn't compensate for the very unflattering fit.",size/fit,large,size/fit|large,size/fit
14434,1078,Dresses,2,"What is going on with maeve sizing this season? in the past two months, i've purchased two maeve dresses that run very small--particularly at the waist.  having many maeve items from past seasons and other recent retailer purchases, it's impossible to ignore that maeve's sizing is quite off. that aside, the vibrant summer colors and material quality are great. the skirt is lined but billowy and fuller than ideal. strangely, it's a lot of dress yet not enough at the same time. there bodice h",size/fit,small,size/fit|small,size/fit
8758,1051,Bottoms,2,"The cut is small. i am 5'9"", 150 lbs and usually wear 6-8/medium pants. medium in these is too fitted on my hips and rear.the polyester will be hot in summer. returning for another brand.",size/fit,small,size/fit|small,size/fit
19115,1088,Dresses,3,"Love the way this dress looks online. sadly, it doesn't look great on me. i'm 5'4"", athletic build. the small fit perfectly, but the extra fabric in the hip/pocket area just seemed to drag me down. i really wished this worked for me, but i think you've gotta be a little bit taller to pull this one off.",parse_error,parse_error,,size/fit
16807,831,Tops,3,"I had been eyeing this top for a while so i was so happy to see it go on sale! i was so excited that i went to my local retailer to try to purchase it right away. unfortunately this top did not fit me right. on the model it looks adorable, on me it was frumpy & ugly. the petite is sold out so i tried a regular medium (i'm usually in-between a medium & a large) & it fit me big & just didn't do anything to my figure. i agree with the other reviewers that the bow was too thin & flimsy & needed to be",size/fit,large,size/fit|large,size/fit
3894,843,Tops,3,I ordered my usual size and i think the length and the top (chest/arms) for great. however the bottom is more of a swing style than a straight or slight a-line as depicted in the stock photo. there is too much fabric in the stomach area and just not flattering.,looks different from photo,neither,looks different from photo|neither,looks different from photo
14365,838,Tops,3,"The top is a pretty and has a nice pattern. it does run large and is it a bit billowy. i am 5'4 petite and ordered a small ( maybe the xs would have been better). however, the top swallowed me up and was unflattering. the colors are true to the picture..not very bright, but would be a nice transition to fall top.
the feel of the blouse was nice and maybe if i was taller and ordered a smaller size it would have been better.",size/fit,large,size/fit|large,size/fit
16545,1072,Dresses,1,"Hahaha..this dress is hilarious! it looks nothing like the image! i am usually a 0/xs, and 4 was the smallest size available, so i ordered it. when i opened it, it felt like 10 lbs of fabric. i thought maybe i ordered a size way too big, until i could barely squeeze into the top of the dress. once i looked in the mirror, i almost fell over laughing. the rest of the dress is huge. i don't believe this dress would be flattering on anyone.",size/fit,large,size/fit|large,size/fit
11876,1059,Bottoms,1,"I tried on this jumpsuit in black and it was absolutely beautiful. i liked that it looked sort of like a tuxedo, i wore it one time and received so many compliments. when i washed it, however, it shrunk almost 1 size! the pant legs were high water. i even tried washing and restretching it because i loved the jumpsuit but it wouldn't budge, i think because rayon is not stretchable material. to my disappointment, i returned it. i really wished it would have worked out.",size/fit,small,size/fit|small,size/fit
16442,1020,Bottoms,3,Super cute skirt. i decided to return it because i felt like i did't have enough tops to go with it.,other,neither,other|neither,other
15974,1081,Dresses,3,"I ordered this dress after seeing it styled with a beautiful cape.  when it arrived, it was incredibly soft and the color was a pretty, muted pink.  however, once i put it on, it clinged to all the wrong places.  having a larger chest made it show a lot of cleavage and if i can't wear a standard bra with it, it's too complicated.  in a regular tank dress, it would have been a yes. overall a great dress, but probably for another body type.",size/fit,neither,size/fit|neither,size/fit
10923,1094,Dresses,2,"I'm 5'3"" 115 lbs and ordered an xs petite. i have other dresses from maeve in xs petite and xxs petite that fit really well, but this one was weirdly big at the top",size/fit,large,size/fit|large,size/fit
8953,1065,Bottoms,3,"These weren't what i expected, but i kind of really like them. they have a very high rise, and so they end up being high waisted. the fabric is stretchy so they are extremely comfortable. however, the fabric is very stretchy, and i'm not sure i can wear them to work. but they're a little fancy for the weekend. the color is more of a washed out coal than pure black. all things i can work with, but they are a little different than i imagined. they are quite long -- i'm 5'8 and will likely have to",size/fit,neither,size/fit|neither,size/fit
10143,837,Tops,3,"I like what they were going for here, and the fabric. but it falls short in that i can't wear it to work---the back ""keyhole"" is massive so i can't wear my normal bras, and the very wide neck also shows bra straps, so unless i want to go with a strapless bra, it's not useful for me. i want to feel loose and soft and summer comfy and my strapless bras are anything but that. i'd go without, but that is a no-no where i work. i may try getting a size smaller. i wear a med. and i got a small and mayb",size/fit,small,size/fit|small,size/fit
20477,870,Tops,3,"Okay, so this top has its redeeming qualities, i promise! which is why i gave it 3 stars when i really wanted to give it two. but it's just not worth 2 because i'm sure it works for some people and the quality is just impeccable. for people who purchase this, it will last forever. it's sturdy cotton, not thin like many retailer tee materials. the lace detail and texture is on point and the neckline is very nice. it's a great looking top. my issue though, wasn't with the bust as other reviewers hav",other,neither,other|neither,other
3035,862,Tops,1,"When the top arrived and i tried it on; it was great. the length was perfect even though i am curvy. after one wash (done according to the directions), the top shrank in length considerably. i do not mind paying a higher price for something unique and something of quality.....i do have a problem with something that does not hold up to basic use. i will be returning this item.",fabric/quality,small,fabric/quality|small,fabric/quality
1077,831,Tops,3,"This top was quite voluminous when i purchased it and i sized down to an xs, however after hand washing it once in cold water it has shrunk significantly. it still fits, but something to be aware of.",size/fit,small,size/fit|small,size/fit
21307,1095,Dresses,3,"Colors washed me out, i need more vibrant colors. so cute on the model",looks different from photo,neither,looks different from photo|neither,looks different from photo
4621,782,Intimate,3,Overall the top is cute . what doesn't show in the photo are the pleats on the shoulder/neck area. the placement of the pleats makes you look like you have a football player neck . the neck area doesn't lay flat but comes off as puffy at your neck. i've never seen pleats placed in such a spot. ruined an otherwise cute top,looks different from photo,neither,looks different from photo|neither,looks different from photo
10764,1081,Dresses,3,"I got this dress in the mail, and while i loved the concept of it, it really is too boxy. the tie is very superficial and does not really nip you in at the waist, it is more so for show. it is fully lined which was interesting, and to me, made the dress seem boxier. the quality is good, but i am an hourglass and this was completely unflattering. i would have had to size up to make it look like the model shot, but it would have still been a shapeless dress, just bigger. it does fit true to size,",size/fit,neither,size/fit|neither,size/fit
23016,1089,Dresses,2,I was really excited to get this dress and to my dismay when i pulled it out of the package i could tell i would be disappointed. i tried it on and i was correct....it looked like i was wearing a huge tent. i returned it.,size/fit,large,size/fit|large,size/fit
359,836,Tops,3,"I'm a pretty solid 10/12 in this brand. i went with the 12 since some thought the top to run small...and i agree. while i can wear it and think it will actually stretch out with wear, it's tight in the shoulders and chest. for the record, those are 2 areas i never have problems with. i'm a 36b and it was flattening my chest. it was also quite short on me. i have a short torso and it was barely hitting below my belly button. the shirt felt more like a size 8 than 12.",size/fit,small,size/fit|small,size/fit
1273,850,Tops,2,"Didn't work on this curvy gal.
sizing up would have helped with the button gaps, but the flowy shape of the blouse would have looked too maternity on a larger size.
major pass.",size/fit,small,size/fit|small,size/fit
5244,871,Tops,3,"I only tried on the ivory one, but it was so see-through, there was just no way. i can't speak for the other colors. seemed true to size, maybe a little large, but that's the style. very cute design, loved the back. too bad.",fabric/quality,large,fabric/quality|large,fabric/quality
362,836,Tops,3,"This blouse is super cute but oddly sized. i bought a size up and still i squeezed into the top around the bust. the front slit is too low and shows a bit too much cleavage, so this had to go back. i really tried because the fabric is wonderful and the shirt is light and breezy for summer, i just couldn't make it work
.",size/fit,small,size/fit|small,size/fit
14905,382,Intimate,3,"I love the way that this suit looked, however i found that it was lacking in support. i was disappointed to discover upon trying it on, that it just does not cover my butt. it fit elsewhere just fine, but the slim cut up the sides left it a little too revealing for my liking. in addition i found the top to be awkwardly fitting around the chest area. i am a 34b and ordered a small and it seemed to be too baggy at the top.",size/fit,large,size/fit|large,size/fit
7142,1023,Bottoms,3,"I was so glad to find such a beautiful item made in the usa. i knew the workmanship would be above average. the embroidery is gorgeous and makes these jeans so unique. i am usually a 24 in pilcro slouchy chinos, size 0 in most pants , 25 in jeans so i ordered these in xs. the waist was at least 7-8 inches too large. they were enormous in every aspect of fit. no belt could possibly make these stay up. very disappointed . i would recommend an xs if you are a size 6 to 8.",size/fit,large,size/fit|large,size/fit
17204,1077,Dresses,2,"I bought a petite medium and the length was right, but it fit like a potato sack. it was quite comfortable, and didn't look completely terrible from the front, but from the side, it was terribly unflattering. when i tried it on my boyfriend saw it and said it looked like i was wearing a nightie. i don't do form-fitting clothing, but this was the exact opposite and flared out every which way. it's got to go back.",size/fit,large,size/fit|large,size/fit
17237,1070,Bottoms,3,Not what i expected. they ran very small and the fabric seemed cheap for the price. returned.,size/fit,small,size/fit|small,size/fit
20676,921,Tops,2,"It is a beautiful sweater, but it is cropped and boxy.",size/fit,small,size/fit|small,size/fit
5683,1078,Dresses,3,"I was excited to receive this dress because it seemed like a beautiful, breezy dress for summer. unfortunately i didn't find the fit to be very flattering. as two other reviewers mentioned there is too much fabric creating an odd bunching especially at the back waistline. i also found the dress to be a little tight across the bustline, upper arms and shoulders. the bunching can be improved by pulling the fabric of the dress forward in the front but this creates more of a plunging neckline than i",size/fit,small,size/fit|small,size/fit
10338,619,Bottoms,2,"These looked really interesting online and with the multicolor stripes i thought it would pair nicely with many tops. 

the fabric is nice and sturdy. the colors are more vibrant than online. 

the design however is terrible. when i put them on i double checked to make sure they weren't on backwards- the back is flat as a board but the front has these poofy pockets. the poor fit with the bright stripes gives a ""1920s circus diaper"" look which is not good. 

they're also really tight compar",size/fit,small,size/fit|small,size/fit
7184,1098,Dresses,2,"I would have kept this dress if it weren't for the giant arm holes and reveal my entire bra on both sides. other than that, it looks just like it does on the model and is a nice, substantial material.",size/fit,large,size/fit|large,size/fit
14356,1059,Bottoms,3,"5'7"", 34c, 28 jeans, 4 dress. ordered a small and a medium. never tried on the medium. the small was a little big in the waist, but what threw me for a loop was the chest. huge! could work if it's meant to be blousey, but the armholes were massive. if an xs is returned, i might give it a shot. but i can't imagine what women who are smaller than me are going to do in this jumpsuit. great color, transitions into fall easily. cannot be belted or wear a camisole due to the opening at the stomach. sh",size/fit,large,size/fit|large,size/fit
18225,1096,Dresses,2,"I grabbed this dress to try on in my usual size, because i needed to see what the hype was about this style of dress, and it left me puzzled.  the print was pretty, but no amount of tailoring could save it for me.  it was wearing me.  maybe it could wear three of me.  i feel like this is a way for clothing manufacturers to cut corners, by making a garment without details (no installing more time consuming zippers, buttons or snaps, and making something that fits a wide range of sizes because it",size/fit,small,size/fit|small,size/fit
17067,836,Tops,3,"Love the shape of this top and often look to retailer for corset-style summer tops that are pretty. this top is made from a thick, stiff fabric that doesn't breathe. so my usual size xxs was too constricting. tried an xs also and it basically fit but i still wasn't a fan of the very heavy fabric in a summer top. it's almost like a neoprene. the colors are an odd choice and not my favorite either. i wanted to see in person and they just don't cut it for me. would love in different colors and softer",fabric/quality,neither,fabric/quality|neither,fabric/quality
12697,1110,Dresses,1,"This dress is just very unattractive. it is quite short-waisted, almost empire and so the pockets hit in an odd place. also it is very long - midi length - and the skirt is very wide. the effect is matronly, not cute at all. size-wise it fit true to size and it is a nice medium weight denim and the construction is good.",other,neither,other|neither,other
8787,866,Tops,2,"I really wanted to love this shirt. the snowflake and stripe design is really cute, and the fabric is of nice quality. it's a very loose fit, which i would've been willing to work with, but... as mentioned in previous reviews, the shoulder seam rests in an odd place on your upper arm, and there are little bumps in the fabric on the arms that appear similar to what happens if you leave a shirt on a wire hanger too long. it looks like you have nubby little wings coming out of your arms. not attrac",size/fit,neither,size/fit|neither,size/fit
1072,1099,Dresses,2,Beautiful dress but have to return. way too big & long for me. medium is the size i wear but i think i would need an extra small.,size/fit,large,size/fit|large,size/fit
6458,295,Intimate,2,"Wow! this sure is close fitting, as in suction cups to your body! yikes, definitely not forgiving for those of us with curves. to me, it seems like the material will wear well. i bought this for a great sales price so i may keep it, not sure. it would work fine as a layering piece but if i gain even 5 lbs, it won't work. i ordered the medium and am usually a small. the large might have worked best but probably still pretty clingy. i do recommend this if you are thin with no problem areas.",size/fit,small,size/fit|small,size/fit
13938,1110,Dresses,2,"This dress is gorgeous as displayed at store. color is vibrant, but the one i ordered looked dull and wrinkles very easily. i wore it to a ceremony and the seatbelt left me wrinkled before i arrived. the top is very wide and best to wear strapless.",fabric/quality,large,fabric/quality|large,fabric/quality
383,1104,Dresses,3,"This dress is not what i expected. the bottom half is wool-like material-looks like someone has worn it. the top snags easily so you must be careful when wearing jewelry. when i received the dress i noticed there were two small holes under the arms. i wouldn't of paid full price but for the amount, i sewed up the holes and packed it away for winter.",fabric/quality,neither,fabric/quality|neither,fabric/quality
22587,884,Tops,1,"I ordered this in both an extra small and a small... i found that there was a very big difference in the two sizes- the extra small was true to size and had a great width, but was shorter in length than i would've liked (if it shrunk at all, it would've been unwearable). the small was quite a jump in size and was a little wider than i liked, but i decided to keep that one. 

the top was very cute and comfortable when i wore it, however i just washed it once on delicate in cold water and when i",size/fit,neither,size/fit|neither,size/fit
23334,1086,Dresses,3,"I ordered the dress online and found it to be not as pictured.  the length hit several inches above the knee.  the sleeves are also 3/4 length rather than full length as pictured.  i found the cut to be much less fitted through the torso as well.  i tried both the small and xsmall, which are my usual sizes.  the small was very loose through the torso, the xsmall was better, but looked overall too short, as if it were a petite cut.  i am 5'9"", however the model is supposed to be 5'10"".",looks different from photo,large,looks different from photo|large,looks different from photo
9338,868,Tops,2,Purchased this in two colors online. purchased in an xs - i am usually a s or xs. the fit was really large in the xs and the seam on the front of the top was in the wrong place and was really unflattering. returning both.,size/fit,large,size/fit|large,size/fit
11109,90,Intimate,2,Good quality fabric and structure but the mix media details and lines make them seem more like jodphurs than leggings. it's hard to see where i would wear them ... sorry but they have to go back.,other,neither,other|neither,other
21880,973,Jackets,1,"I ordered this to wear for a holiday party hoping to have something unique and dressy. it was too bulky at the shoulders and looked like something a football player would wear. the little ruffled flower pieces were random at the top and stuck out in all the wrong directions. it wasn't as elegant as the model pic (is it ever?) and for this price should fit like a glove. went back within seconds. also, it's pretty short, and bulky short isn't flattering on too many people.",size/fit,small,size/fit|small,size/fit
16854,1104,Dresses,3,"I was disappointed when the dress came in the mail. it was much shorter on my than on the model in the picture. (i am 5'5"") the detail of the dress and fabric shown in the picture is not as prominent in person which was also disappointing. the dress is just average. i didn't not return the dress...it looks much better on my younger sister (who is the same height) so i gave it to her. i guess it's just not the right dress for me.",looks different from photo,small,looks different from photo|small,looks different from photo
18880,1094,Dresses,3,"This is a nice dress made with high quality fabric. unfortunately i'll need to make a return as it was quite big. i bought this dress in an xs and it was too large all around. i am about 5'3"" and 112 lbs and would have taken the petite, but there were none available. i'm not sure the petite would have even been small enough. the dress was a bit too long for short ladies and definitely too large in the waist and the bust (i'm small on top). it's too bad a this was a cute, and versatile dress that",size/fit,large,size/fit|large,size/fit
11415,1030,Bottoms,3,"Nice soft jeans, cute style, and i wish i could keep them...they just are too small on me. :/ not sure if i've gained weight (which i don't think i have because i had on a size 28 pair of pants today) but i ordered a size 29 in these jeans and they zipped but just too snug around the waist. i would honestly need a 30 or 31. looks like they are selling out quickly so i doubt i'll be able to get the size i need. 
if you have a small waist i think they would be fine but they don't fit my body type",size/fit,small,size/fit|small,size/fit
16633,895,Tops,1,"I was really excited about this sweater, but the fit was terrible. the sleeves were the right size, but the body of the sweater was a tent - absolutely no shape. they must have clipped the sweater on the model. for reference, i'm 5'4 and 120 pounds and ordered a size small.",size/fit,large,size/fit|large,size/fit
15827,1092,Dresses,1,"I had such high hopes for this dress, but unfortunately it misses the mark completely. the design is flawed in that you cannot raise your arms to shoulder length. for someone who is 5'3, 105lbs, the dress has no shape and looks like something from zoolander's derelict campaign. i think one must have a specific body type for this dress, but regardless, they'll have to keep their arms at their sides.",size/fit,neither,size/fit|neither,size/fit
7290,1177,Intimate,3,"Overall: soft material, cute pattern - but definitely a return as just didn't fit right. 

fit: i am a six in most tops and based on the size chart - i ordered the size small. it fit comfortably around my bust - but the cup placement was basically at the center of my chest - so that my breasts were squished uncomfortably and unflattering in the middle. i've lost a bit of weight recently - so i'm more of a 36a, than 36b these days - but this wouldn't work for me or i imagine anyone with a broad",size/fit,neither,size/fit|neither,size/fit
1640,1051,Bottoms,3,"This jumpsuit is lovely and comfortable, with gorgeous embroidered detailing, but it really needs to come in petite sizes. at 5'4"" with a pretty proportional torso to leg ratio, i found the hem length okay but the top portion way too long. for the waistband to be anywhere near my natural waist, the shoulders would have had to be taken up several inches and the armholes shortened.",size/fit,large,size/fit|large,size/fit
10090,1110,Dresses,1,"First problem-i would not have ordered this at all had the description been correct. the fabric description is cotton which the dress is most certainly not. secondly, it has a really funky, cheap, unfinished, raw-hemmed slip which is simply not fitting for the dress. the keyhole in the front is super long-again, does not seem to fit the dress. i am not happy with this piece at all but it did fit tts. length is just above knee. i am 5'5"" 142 lbs 34d and the six was a good fit. sending this home t",fabric/quality,neither,fabric/quality|neither,fabric/quality
5622,940,Tops,3,"I love the design of this sweater and ordered it online, but was disappointed with the quality of the yarn when it arrived. also the color was a little different than i expected from the photo, still a type of ivory, but a little yellow-y. the sweater was solid looking, but the yarn seemed a bit cheap and i'm not sure how well it would have worn over time. flattering cut. i liked how it fit, but for the price and fabric, i decided to return it. unfortunate to lose money on shipping.",fabric/quality,neither,fabric/quality|neither,fabric/quality
2984,862,Tops,1,I loved this shirt until the first time i washed it. it shrunk so much it became unwearable. when i returned it the salesperson said she had also bought this shirt and the same thing happened.,fabric/quality,small,fabric/quality|small,fabric/quality
12439,936,Tops,3,"I am 5' 4 1/2"", 125 lbs., and ordered a m in this. i'm usually between a s and m. it was too big and didn't have any shape to it. i don't think a s would fit much better. also, i ordered the pink but it was really a coral. if my local store had a s i would probably try it on in a different color, but they don't. i'll have to return this. it looks so cute online.",size/fit,large,size/fit|large,size/fit
4123,855,Tops,1,This is adorable but if it truly has to be dry-cleaned that is deal killer,other,neither,other|neither,other
23462,999,Bottoms,3,The pattern of this skirt is adorable and looks better in person but the fabric isnt the best. it feels like an elastic fabric and is way to volumous. overall not my favorite.,fabric/quality,neither,fabric/quality|neither,fabric/quality
118,850,Tops,2,"First, the fabric is beautiful and lovely for spring and summer. i really wanted to like this top, but the fitting is so awkward for me. i typically where a 0/xs, and sized up in the shirt to a size 2. it was very tight and pulled funny across the chest (size 32/a). i also found the cut at the shoulders very narrow (need a strapless bra) and made it look unflattering overall. had to return this one back to the store.",size/fit,small,size/fit|small,size/fit
14496,1080,Dresses,3,Not sure what to think! i had great plans for this dress,other,neither,other|neither,other
2787,868,Tops,3,"This is a cute top but the fit is problematic. it runs small on top especially around the bust and sleeves but then it flares below the waist in a billowy and unflattering way with way too much fabric.
i got both an xsp and an xxsp. the xxsp fit better on bottom but i could hardly pull my arms through the sleeves. both are going back unfortunately. for reference i'm 5' 103 lbs 32b.",size/fit,small,size/fit|small,size/fit
7867,1078,Dresses,3,"I want to love this dress. the colors and the fabric are absolutely beautiful. it is definitely a swing-dress. much wider than i expected...and i sized down. there is also a strange pooch in the shape around the middle. i am keeping it because i am in love with the the colors and print, and it looks very flattering when paired with a black denim jacket, just not alone.",size/fit,large,size/fit|large,size/fit
3552,1147,Trend,2,"Finally received this in the mail today and was very disappointed. i am swimming in the xs (5'4"", 110lbs). the colors are much more vibrant that shown in the pics - the green is a bright kelly green, the red is much more red than rust colored, etc. and it's a sweater coat! for the price i was expecting it to be lined and higher quality. i don't doubt that it will be warm, but can't justify the price. it's going back to the store.",price,small,price|small,price
12894,863,Tops,3,"This shirt has beautiful coloring but the material wasn't as soft as i thought it would be. i was hoping they would be the super soft material, maybe washing them would help, but i didn't want to chance it so i returned them.",fabric/quality,neither,fabric/quality|neither,fabric/quality
22126,169,Intimate,1,Super itchy! had to return.,2,neither,2|neither,comfort
10298,860,Tops,3,"This top is very sweet and looks lovely on the model. it was not flattering for my larger bust, with the inverted pleat opening at my bustline and spreading out over my waist. the quality is nice, the fit in the shoulders is snug. the length is a bit short for me, but it may lay better on a different body type.",size/fit,neither,size/fit|neither,size/fit
13581,1072,Dresses,2,"I've been eyeing this dress for months, so when it went on sale i finally purchased it. now i see why it's on sale.
the dress runs extremely large and has no shape.... looks like a potatoe sack and i feel like moo...moo in it!
this will be going back to the store!!!!",size/fit,large,size/fit|large,size/fit
21039,936,Tops,3,It's not as form fitting & hour-glass shaped in real life as on the model. i think they must have clipped it in the small of her back so it does not look so boxy. otherwise it's nice.,size/fit,small,size/fit|small,size/fit
8573,1083,Dresses,3,"I love the simplicity and modernity of this tunic; however, the pockets ruin it, if that's possible. they make the dress bulky around the hips. i usually wear an 8 or medium and i ordered this dress in a medium. i think this brand runs a little small. the bulky pocket issue may be solved with a larger size. the weight of the fabric is a little heavy which prevents year-round wear. i love the subtle texture. one odd thing, the tag is attached to the stand-up collar. i had my hair up when i tried",size/fit,small,size/fit|small,size/fit
18260,860,Tops,3,"This top came down to my hip bones, but i am short-waisted. the shirt definitely fits shorter than in the photo. the measurements listed for ""regular"" seem to be a bit shorter than the 26"" l measurement i got when i measured it. i think the quality is nice, and though it could likely easily snag if you're not one who is used to wearing delicate clothing, i didn't find this top to be flimsy at all. for reference i purchased a l and the fit is more form-fitting on me than it is on the model, but n",size/fit,small,size/fit|small,size/fit
14010,1110,Dresses,2,"I ordered the dress on-line. this dress looked pretty, the material was soft and comfortable, the length was perfect, but the zipper was totally out of place. it bulged out in a weird way which made it look like the dress was torn. i had to return the dress. i normally don't see a problem at this level in retailer clothes.",fabric/quality,neither,fabric/quality|neither,fabric/quality
4708,836,Tops,3,"I have a 36c bust. i bought this blouse in a 10, even though i wear an 8 or 10. i sized up based on previous reviews. this top was super tight in the bust (it literally flattened my breasts) and very loose on the bottom. it was not flattering at all. the material is gorgeous. it is thick. it is lined. it is darted at the bust and it flares out in a peplum fashion where the light fabric up top meets the dark band of fabric in the middle. the problem is that busty ladies will find the bust area wa",size/fit,small,size/fit|small,size/fit
18928,921,Tops,3,"The front and back of this square sweater are the same, and the pattern of the stitching makes it look like it's on backwards.the lace would be nice, but it's itchy. and the sweater is cropped, so i think the layered lace look is odd because the whole thing is so short on the body. the 3/4 sleeves make it look small and fitted, but the body shape is bulky. just couldn't get it to work.",size/fit,small,size/fit|small,size/fit
10969,1008,Bottoms,3,"The first surprise is that in person, the material is actually kind of woolen? at least, i would definitely call it a winter knit. the colors are also a little different -- so much so that i didn't recognize it in the store. i'm not sure if the one i tried on was stretched out, but it definitely ran large on me. the waistband is elastic, so i would worry about is stretching over time. i would have been curious to see what the petite option looked like on me, as the regular version was longer tha",fabric/quality,large,fabric/quality|large,fabric/quality
10979,1092,Dresses,2,"I really wanted to love this dress. i love the colors and the design of the dress. unfortunately, i have to agree with one of the other reviewers that this dress makes you look pregnant. it's so voluminous that it's not flattering at all. also agree that the lining is scratchy.",size/fit,large,size/fit|large,size/fit
22985,1089,Dresses,3,"When i saw this dress in the store in a size small (i usually wear a large), i thought, ""how cute!"" so i tried it on. it fit very well...all but in the armhole. so i decided to order a medium. i received the medium and it fits exactly like the small, armhole and all. in addition, i agree with other reviews that this dress' description ""above the knee"" does not accurately describe length unless you're somewhat tall. i found this dress hit me just where i'd like it to...right above the knee. not a",size/fit,small,size/fit|small,size/fit
18375,1112,Jackets,3,It seems this coat could have been manufactured under a smaller spec size because the size large looses shape and where it hits on the waistline is unflattering. quality is high however,size/fit,large,size/fit|large,size/fit
503,948,Tops,2,"Is not a place i want to be, even if the style of a sweater is great.  yes, this sweater is very cropped, but i think it&amp;#39;s definitely intended to be worn off the shoulder to drop the waist a bit.  it&amp;#39;s the itchiness that makes it an immediate &amp;quot;no&amp;quot;, and that&amp;#39;s coming from someone who has serious fiber itch tolerance.",comfort,neither,comfort|neither,comfort
12900,863,Tops,3,"I loved the color and the neckline was flattering. however, it would have fit me better in a petite size bc i am 5'3"" and a 32f. it fits slim so to fit in my bust it was too long. also didn't think the fabric was good quality for this price.",size/fit,large,size/fit|large,size/fit
4469,868,Tops,3,"I was looking forward to this cute top to get me through the winter, but the combination of the very think fabric and boxy shape did not work on my 5'2"", 130 lb, 34d figure. the one i received also had an open unfinished seam beneath the zipper. i imagine this would be a great top for someone taller.",size/fit,small,size/fit|small,size/fit
12353,868,Tops,2,Huge! normally wear a medium and this was huge and very unflattering.,size/fit,large,size/fit|large,size/fit
16189,940,Tops,3,"I thought i was getting this nice light weight white sweater but not the case.
it is a pretty heavy, nice thick cotton and beautiful made. it does run large. i got the small and love the oversize feel even on my 5'9"" frame. 
but - it is not white, it is beige, and it is not light weight. i have enough beige sweaters in this look so this one is going back, even though it was a great buy on sale.",looks different from photo,large,looks different from photo|large,looks different from photo
609,1094,Dresses,3,"I just tried on this dress in the store, in red, and i loved the off the shoulder design. the color is just as pictured online (a light poppy red). the neckline began a few inches below my collarbone and was super flattering. however, the skirt portion of this dress flared awkwardly at the hips, causing my hips to look much wider than they really are (and also disturbing the otherwise clean lines of the dress). it seemed to me that there was too much fabric at the back portion of the skirt than",size/fit,neither,size/fit|neither,size/fit
1780,867,Tops,3,"I wish that it had fit me better as the feel of the fabric and the color were great! regrettably, i am sending it back as the v opening is too low for my tastes and the fabric on the left of the first layer drapes weird on me. i am usually a s or m and in this top the s was plenty of length and room, would be swimming in a m. the fabric was soft and felt great against your skin and not thin as some fabrics can be. the color was just as shown and beautiful. hope it works for some of you out there",size/fit,large,size/fit|large,size/fit
4472,868,Tops,3,"This fabric of this top is gorgeous. however, i'm 5' 5"" and it hits in a really weird spot. right no the point of the hip that you don't want to accentuate. you could wear it with leggings to a casual thing, but i work in an office so its too short to wear with leggings and too long to wear with jeans. sad, i love the top 90% of it.",size/fit,neither,size/fit|neither,size/fit
16455,868,Tops,1,"I loved the criss cross part of this tank. however, it looked so frumpy on. the cut was just odd and if you are petite it felt like a tent. i was so bummed because that criss cross was awesome but it just looked so weird on. i returned it. the material felt nice too.",size/fit,small,size/fit|small,size/fit
4893,823,Tops,3,The top was very nice and i liked the material. my problem was getting it on with the cami being attached to the top. it took me a while to figure it out. and for that reason alone i returned it.,size/fit,neither,size/fit|neither,size/fit
19248,542,Bottoms,3,"I love the look and feel of these shorts - typically my issue with any sort of cotton or linen shorts these days is that they're practically made of nothing, but these are comfortable and made of decent fabric. however, they run very large. being 100 lbs and about 5', i typically buy size 0 or xs, but these looked a bit ridiculous on me, with how big they are. i tried shrinking them in the wash, since they're 100% cotton, and that helped some, along with getting rid of the creases from shipping",size/fit,large,size/fit|large,size/fit
16838,1116,Jackets,2,This sweater coat is very bulky and has an odd and unflattering shape when on.,size/fit,large,size/fit|large,size/fit
15599,1077,Dresses,3,This dress has a nice flow and it is simple but versatile. you can pair it with a jacket or cardigan for the winter and use it year round. however it runs one size large.,size/fit,large,size/fit|large,size/fit
19850,1039,Bottoms,3,"First off: kudos to the other reviewers for setting the expectation re: the color on these! they are not a dark rinse at all - not even close. they're a light-to-medium hue with fading down the front of the thighs. with that in mind, i do like the color - especially for spring - but would have been very miffed had i ordered these and they arrived so starkly different from the online photo.
----------
i typically wear a 27-29, depending on the brand and waist rise. these were an online return t",looks different from photo,neither,looks different from photo|neither,looks different from photo
3557,1031,Bottoms,3,"Beautiful thick sturdy denim. probably the best denim i own in terms of the material. the cut can be awkward as it can be tight across the thighs and hips and kinda makes my butt flat. however i love the wash and quality of the material and at a sales price, totally worth it.",size/fit,small,size/fit|small,size/fit
11880,868,Tops,2,"The fabric is a nice weight knit and the top generally well made. unfortunately, the fit was enormous. i've an athletic build w/ big boobs & normally wear l in retailer tops.",size/fit,large,size/fit|large,size/fit
7604,820,Tops,3,"I love the way this top looks in the picture and the embroidery is as lovely as it appears--very detailed. it is both subtle (not cheap looking) and special.

as an earlier reviewer noted, the top is not see-through, a plus.

the drawbacks, though, mean that i will be returning this top. 

1. the fabric is very heavy and does not drape well. i am a small woman with a large chest and ordered a size 0. the top is still loose, even in that size, and the relative stiffness of the fabric gives",fabric/quality,large,fabric/quality|large,fabric/quality
11342,831,Tops,2,This piece didn't make sense to me.  maybe it's bc i'm a yankee fan but it reminded me of a high end baseball jersey that was sheer.  i didn't think it was office appropriate but too dressy for casual wear.  it went back.,other,neither,other|neither,other
2000,1083,Dresses,1,The pleats on the bib make this look like something from chloe sevigny's wardrobe on the set of big love. and the shoulders are cut for an offensive lineman.,size/fit,large,size/fit|large,size/fit
748,886,Tops,3,"The blue is a very flattering color. the fit is not. it does not lay in the back like in the photo on the model. instead, there is a lot of fabric that falls in horizontal folds because it does not fall straight because the sides at the bottom are narrower than the mid section. i think i'm going to return it. the neckline is very nice and faltering. the sleeve at the wrist is kind of constricting, though, and long. it doesn't run big at the chest section, just the mid section, then tapers in at",size/fit,neither,size/fit|neither,size/fit
293,984,Jackets,3,"I've been looking at this jacket on line and finally went to the store to try it on. i really liked the styling but the denim was quite stiff. i'd prefer a softer kind of fabric. i wonder if it would soften if it was washed. also, it ran surprisingly small. i usually take an xsmall or small but the small didn't leave me enough room to comfortably bend my arms. the medium worked better. i wonder how others feel about the fabric and and the sizing. i think i'll wait and see if this one goes on sal",fabric/quality,small,fabric/quality|small,fabric/quality
21305,1092,Dresses,3,"Lovely style. i got the navy color and it's beautiful. i'm glad i ordered a smaller size after reading other reviews. my usual size would have been too big and not as figure flattering. but but but the sweater came pilled all over. i don't know if it had been worn and returned or if it's just the quality of the material but seriously there was pilling on the entire sweater. because the style is so nice and it fits well, i'm going to keep it and de-pill it but was disappointed with retailer :(",fabric/quality,large,fabric/quality|large,fabric/quality
23234,227,Intimate,3,"I love the way the mock neck style looks, but the shirt is cut very small. i realize it's supposed to stretch, but it's still very, very tight on, particularly in the shoulder area. if you like the style, i'd recommend sizing up.",size/fit,small,size/fit|small,size/fit
9387,854,Tops,2,"I buy almost ever top tiny puts out and so i grabbed this one in the last tops sale since i'm a sucker for embroidered flowers. everything about it is gorgeous except it is so flimsy i can't even believe it. like when i held it up in the dressing room, i could see through the entire shirt, front to back, before even putting it on. once on, i could see everything through it. i actually thought i was going to tear the thing to pieces trying it on, it's so frail. i own so many tiny shirts and while",fabric/quality,neither,fabric/quality|neither,fabric/quality
18740,1086,Dresses,1,"Quality was not what you expect from retailer, especially for the price. top is lined but skirt is not. material is tissue paper thin and see thru. there is a point at the bottom of the sweetheart neckline that does not lay flat, it keeps popping up. however the back is very cute and for that i wanted to love it but too many negatives. was returned.",fabric/quality,neither,fabric/quality|neither,fabric/quality
2554,944,Tops,3,"This is so bulky and itchy...could not stand to have it on! i'm a 6/8 & ordered the small, but it was still gigantic.",size/fit,large,size/fit|large,size/fit
21719,833,Tops,2,"Like other reviewers have said, this is very sheer, look at the sleeve in the picture and you'll get an idea of how sheer the body is as well. the material posed challenges for it's creater because one top i tried on in the store had a sleeve that was smaller than the other, tight enough that it would have ripped if i weren't careful. tried on another identical top and the sleeves were a normal somewhat loose fit. bodice portion is much more intense pink in real life. loose, billowy, and perhaps",size/fit,neither,size/fit|neither,size/fit
16163,872,Tops,3,"This top is beautiful, however it runs beyond big!
i ordered my usual size and i could have fit 2 of me in this top.
i am reordering and going 2 sizes down!
the tie back and embroidery is beautiful.",size/fit,large,size/fit|large,size/fit
17054,229,Intimate,2,"I ordered these pants in my usual size (xl) and was shocked when i received them. the waist was huge and there was nothing in the way of an elastic or tie to keep them up. i couldn't keep them on so, of course, back they go! too bad! the sweater quality is great.",size/fit,large,size/fit|large,size/fit
3695,899,Tops,3,"Unfortunately this piece has a very boxy cut and the white layer is stiff and billows out - i am tall and thin but this made me look pregnant - very unflattering. i considered trying a smaller size, but i did not like the material too much either so i just returned it.",size/fit,neither,size/fit|neither,size/fit
5721,819,Tops,3,"This top was really cute on someone else, but not on me... on me, ti was too big and the color washed me out. the fabric is nice and the pattern and colors are nice too, just not on porcelain skin... like many tops this season, it is a bit boxy, but looks nice with jeans, white shorts or half-tucked into a skirt. i would probably size down a bot...",size/fit,large,size/fit|large,size/fit
22576,1070,Bottoms,1,I bought an xl and they looked like they would have been a small. can't review anything else because i couldn't even get them on.... ridiculous,size/fit,small,size/fit|small,size/fit
17794,844,Tops,3,"For starters, the back pictured on the website is not true to the actual back of the shirt. the small traps are not there and it isn't gathered in the exact same way. the big bow is adjustable and overall i really loved the fit of the top, but the difference in design is not something i would expect from retailer. my shirt also got a hole in it along the seam in the back after washing once. although i liked the look of the top, the quality is not what i'm used to from retailer.",looks different from photo,neither,looks different from photo|neither,looks different from photo
7871,1078,Dresses,3,I bought this dress on super sale and it was such a great deal. sadly it's going back although i sized down i still feel like the dress is shapeless and tent like. no wonder why the store had so many still at the price i paid. the details on the dress are pretty and it's high quality. just wish the fit was better.,size/fit,large,size/fit|large,size/fit
22824,1020,Bottoms,2,"1. i'm 5'6"" tall with a short waist and long legs, and this skirt came all the way down to my ankles. i would have kept it if it had stopped mid-calf like in the photo.

2. i'm 38-32-40 and the size 12 fit me perfectly in the waist hip area, so i would say it runs true to size.

3. the buttons lay nice and flat over the tummy, so that's a plus. at least you don't have to undo them to go to the bathroom.",parse_error,parse_error,"looks different from photo|neither
size/fit|neither
comfort|neither",looks different from photo
3880,843,Tops,2,"The fabric of this top is lovely. the fit not so. it does not fit as shown on the model. the fit is very large around the middle and fits more like a ""swing"" top. i am 5'9"" slim build. i ordered my usual size medium. shoulders and back fit perfectly. too much material around the middle. had it had a straight cut to it, as shown, i'd keep it. because it doesn't it's going back.",size/fit,neither,size/fit|neither,size/fit
16617,142,Intimate,2,I was not a fan of these leggings. these were very unflattering. i could see that after wearing these all day they could start stretch out. i just didn't feel like they would hold up for even one season.,size/fit,neither,size/fit|neither,size/fit
6817,829,Tops,3,"I tried on the pink in xs in store. it was so big on me. i wanted to love it, the stylist did, but i felt meh... so did another costumer, didn&#39;t like it on me. the colors are really nice (and the blue seems really nice too), but the cut was a little wide. fabric is very soft. for reference, i am 115 lbs, 0dd, 26.5 in waist.",size/fit,large,size/fit|large,size/fit
14930,828,Tops,3,"I'm 5'7, 125lbs, and the small fits perfectly. the sleeves are the right length (i have long arms and legs), and the body fits loosely, without looking sloppy. at my height, the small is not long enough to wear as a tunic, which is fine.

unfortunately, the shirt arrived with makeup stains around the laces and the inside of the shirt, so i had to wash it before wearing it.

i only purchased this shirt because it was on sale.",fabric/quality,neither,fabric/quality|neither,fabric/quality
4452,1094,Dresses,3,"This dress looks cute in the picture and i was hopeful since it was actually silk. i'm tired of paying close to $200 for dresses that are polyester or viscose. that being said, this dress simply had too much going on. the fabrics aren't only mixed, but there is also a faint underlying pattern on the fabric that is the same shade of the main color of fabric. it was simply too much and the black lace trim made it look kind of cheap. my real issue is that although the dress itself ran big, the uppe",size/fit,large,size/fit|large,size/fit
1196,1110,Dresses,3,"I am 5'-7"" and 135 lbs, i bought a medium petite as i wanted the dress to hit at my knees, instead of midi. this dress is easily 2 sizes bigger than expected. the pattern was not flattering on my although i'm sure it would be for others. i was happy with the length...",size/fit,large,size/fit|large,size/fit
6851,868,Tops,3,"The fabric and style on this swing tee are really nice but be aware it runs really, really large. i downsized on my order because of the style but it wasn't enough. like wearing a tent. i would recommend it but know its very full. i did return it.",size/fit,large,size/fit|large,size/fit
1958,1009,Bottoms,3,"Facing the mirror--near perfection. high waist emphasizes the narrowest part of the frame--pleats nicely hide any stomach flaws. color is an eye-catching deep mustardy perfection and the interlocking button pattern is creative and beautiful. the problem is the walk away. from that view, the skirt waist finishes just where there's a bit of extra flesh. the cut is more of a long a-line--fairly boxy--and the heaviness of the cotton maintains that structure, so while the look as you approach walking",size/fit,small,size/fit|small,size/fit
5450,909,Tops,2,"I ordered the orange in size xl. the fit on me matches the model other than being a little shorter in length.

the quality is bad. i ordered two of these sweaters and both arrived, new in the packages, with one having a small hole. the knit is so thin, as is the base material. the arms are basically see-through. it doesn't offer any warmth because of the thinness. i layered a long-sleeved white tee underneath which helped. the edge of the sleeves stretched out within an hour. i also had two area",fabric/quality,neither,fabric/quality|neither,fabric/quality
13189,1078,Dresses,3,"I wanted to love this dress, the open back, the lightweight fabric, and fun print. perfect for spring and summer. it could be i'm too tiny for this dress, but the front of the dress wasn't flattering. it just hung and there was an odd tuck in the waist that made it look like it ballooned out under my chest above my waist.",size/fit,large,size/fit|large,size/fit
11980,829,Tops,3,"These are the cutest prints, but the cute simply doesn't work for me. this is longer than the conversationalist shirt, which is an improvement as far as i'm concerned. nevertheless, both my appropriate size, which i still felt was too short, and the size up, which hit at a flattering spot, were twice as wide as as my midsection. so while the arms and shoulders seem true to size, the shirt runs very wide.",size/fit,large,size/fit|large,size/fit
12523,1060,Bottoms,3,I love a cropped pant but these do not hit the mark. the pant would have been more flattering if they hit just above the ankle instead of the calf. i think they make the leg look stunted. the material was a nice weight and good quality but the bow being attached was a big design flaw. it look cute tied but would have been much nicer if you could remove it when needed.,size/fit,neither,size/fit|neither,size/fit
5969,873,Tops,3,"Definitely size down, the waist and chest were baggy in my normal size s.",size/fit,large,size/fit|large,size/fit
10197,865,Tops,1,Large and the material is too bulky. i returned it.,parse_error,parse_error,,fabric/quality
5909,815,Tops,3,"Wish someone warned of the navy one being not as pictured!! i ordered the navy because the crocheted part appeared to be more intricate than the ivory. in reality the navy knit is just like the ivory. it seems well made but very delicate. i'm not a fan of tops (especially pricey ones) that require a camisole but this top is a very ""retailer"" piece so most likely i will keep it, just a bit disappointed.",looks different from photo,neither,looks different from photo|neither,looks different from photo
12558,936,Tops,2,"When i saw this item online, i ordered it right away. loved the color and the oversized, comfy look to it. the pros: very soft,the color a deep cranberry as pictured. the cons; the low back - in the photo, the model's arms cover it up. when i put it on, it looked like an oversized flap that stuck out on the sides and was very visible from the front -- and because the material is unstructured, that made it look worse. i loved it except for this one feature, but because it was so detracting, i had",looks different from photo,neither,looks different from photo|neither,looks different from photo
