Review ID,Rating,Department Name,Review Text,LLM_Issue,LLM_Fit,Manual_Issue,Manual_Fit,Issue_Correct,Fit_Correct,Exact_Correct
16868,3,Dresses,"This dress was ok - i thought the fabric was soft, but not my favorite. it's a pull on dress that would be easy to dress up or down. but, i have bigger hips and this dress was really not flattering on my - would be better on a different body type.",size/fit,small,size/fit,neither,True,False,False
18928,3,Tops,"The front and back of this square sweater are the same, and the pattern of the stitching makes it look like it's on backwards.the lace would be nice, but it's itchy. and the sweater is cropped, so i think the layered lace look is odd because the whole thing is so short on the body. the 3/4 sleeves make it look small and fitted, but the body shape is bulky. just couldn't get it to work.",size/fit,small,comfort,neither,False,False,False
10143,3,Tops,"I like what they were going for here, and the fabric. but it falls short in that i can't wear it to work---the back ""keyhole"" is massive so i can't wear my normal bras, and the very wide neck also shows bra straps, so unless i want to go with a strapless bra, it's not useful for me. i want to feel loose and soft and summer comfy and my strapless bras are anything but that. i'd go without, but that is a no-no where i work. i may try getting a size smaller. i wear a med. and i got a small and mayb",size/fit,small,size/fit,small,True,True,True
4469,3,Tops,"I was looking forward to this cute top to get me through the winter, but the combination of the very think fabric and boxy shape did not work on my 5'2"", 130 lb, 34d figure. the one i received also had an open unfinished seam beneath the zipper. i imagine this would be a great top for someone taller.",size/fit,large,size/fit,neither,True,False,False
16633,1,Tops,"I was really excited about this sweater, but the fit was terrible. the sleeves were the right size, but the body of the sweater was a tent - absolutely no shape. they must have clipped the sweater on the model. for reference, i'm 5'4 and 120 pounds and ordered a size small.",size/fit,large,size/fit,large,True,True,True
19248,3,Bottoms,"I love the look and feel of these shorts - typically my issue with any sort of cotton or linen shorts these days is that they're practically made of nothing, but these are comfortable and made of decent fabric. however, they run very large. being 100 lbs and about 5', i typically buy size 0 or xs, but these looked a bit ridiculous on me, with how big they are. i tried shrinking them in the wash, since they're 100% cotton, and that helped some, along with getting rid of the creases from shipping",size/fit,large,size/fit,large,True,True,True
13510,2,Tops,"I was so excited to order this sweater. i thought that the moss color would make it a great basic for work or casual days. ordering it on sale made it all the better. however, when it came i was so sad to see how muted the colors were, with little definition. the sweater itself lacks definition as well, just shapeless and hangy. i also did not expect the angora like hair on the sweater which bothered by eyes as soon as i tried it on.",fabric/quality,neither,fabric/quality,neither,True,True,True
69,3,Dresses,"I really wanted this to work. alas, it had a strange fit for me. the straps would not stay up, and it had a weird fit under the breast. it worked standing up, but the minute i sat down it fell off my shoulders. the fabric was beautiful! and i loved that it had pockets.",size/fit,neither,size/fit,neither,True,True,True
10440,3,Dresses,Very cute and would transition well season to season with different boots/booties.  didn't lay well on chest for me.  returned it.,size/fit,neither,size/fit,neither,True,True,True
1450,3,Dresses,"The design of this dress is darling and so unique, and it's very well made. but i agree it's very boxy and overwhelming for a petite frame. i'm 5'3"" and ordered the 2, and it was like wearing a hospital gown. if a petite were available i'd have tried that, but this one's going back. shame, too, because it's adorable. the gap in the neckline could easily be stitched or sewn shut, but that's an inconvenience when this dress is already priced so high.",size/fit,large,size/fit,large,True,True,True
3035,1,Tops,"When the top arrived and i tried it on; it was great. the length was perfect even though i am curvy. after one wash (done according to the directions), the top shrank in length considerably. i do not mind paying a higher price for something unique and something of quality.....i do have a problem with something that does not hold up to basic use. i will be returning this item.",fabric/quality,neither,fabric/quality,neither,True,True,True
11415,3,Bottoms,"Nice soft jeans, cute style, and i wish i could keep them...they just are too small on me. :/ not sure if i've gained weight (which i don't think i have because i had on a size 28 pair of pants today) but i ordered a size 29 in these jeans and they zipped but just too snug around the waist. i would honestly need a 30 or 31. looks like they are selling out quickly so i doubt i'll be able to get the size i need. 
if you have a small waist i think they would be fine but they don't fit my body type",size/fit,small,size/fit,small,True,True,True
19115,3,Dresses,"Love the way this dress looks online. sadly, it doesn't look great on me. i'm 5'4"", athletic build. the small fit perfectly, but the extra fabric in the hip/pocket area just seemed to drag me down. i really wished this worked for me, but i think you've gotta be a little bit taller to pull this one off.",size/fit,neither,size/fit,neither,True,True,True
8758,2,Bottoms,"The cut is small. i am 5'9"", 150 lbs and usually wear 6-8/medium pants. medium in these is too fitted on my hips and rear.the polyester will be hot in summer. returning for another brand.",size/fit,small,size/fit,small,True,True,True
15599,3,Dresses,This dress has a nice flow and it is simple but versatile. you can pair it with a jacket or cardigan for the winter and use it year round. however it runs one size large.,size/fit,large,size/fit,large,True,True,True
16021,3,Bottoms,About a month ago i purchased the pilcro hypen chinos in moss size 28 petite. i loved the color and fit so much that when i saw free shipping being offered i decided to get another pair. this time i ordered the color ?pink? and of course size 28 petite. well the color really isn?t pink and unlike the moss color it does not look the color online. the color is more like salmon or apricot definitely not pink. what bothered me more is the fit. this pair was too big. it?s mind-boggling why the sizing,size/fit,large,size/fit,large,True,True,True
16189,3,Tops,"I thought i was getting this nice light weight white sweater but not the case.
it is a pretty heavy, nice thick cotton and beautiful made. it does run large. i got the small and love the oversize feel even on my 5'9"" frame. 
but - it is not white, it is beige, and it is not light weight. i have enough beige sweaters in this look so this one is going back, even though it was a great buy on sale.",looks different from photo,large,looks different from photo,large,True,True,True
14365,3,Tops,"The top is a pretty and has a nice pattern. it does run large and is it a bit billowy. i am 5'4 petite and ordered a small ( maybe the xs would have been better). however, the top swallowed me up and was unflattering. the colors are true to the picture..not very bright, but would be a nice transition to fall top.
the feel of the blouse was nice and maybe if i was taller and ordered a smaller size it would have been better.",size/fit,large,size/fit,large,True,True,True
18880,3,Dresses,"This is a nice dress made with high quality fabric. unfortunately i'll need to make a return as it was quite big. i bought this dress in an xs and it was too large all around. i am about 5'3"" and 112 lbs and would have taken the petite, but there were none available. i'm not sure the petite would have even been small enough. the dress was a bit too long for short ladies and definitely too large in the waist and the bust (i'm small on top). it's too bad a this was a cute, and versatile dress that",size/fit,large,size/fit,large,True,True,True
3894,3,Tops,I ordered my usual size and i think the length and the top (chest/arms) for great. however the bottom is more of a swing style than a straight or slight a-line as depicted in the stock photo. there is too much fabric in the stomach area and just not flattering.,looks different from photo,neither,looks different from photo,neither,True,True,True
7604,3,Tops,"I love the way this top looks in the picture and the embroidery is as lovely as it appears--very detailed. it is both subtle (not cheap looking) and special.

as an earlier reviewer noted, the top is not see-through, a plus.

the drawbacks, though, mean that i will be returning this top. 

1. the fabric is very heavy and does not drape well. i am a small woman with a large chest and ordered a size 0. the top is still loose, even in that size, and the relative stiffness of the fabric gives",fabric/quality,large,fabric/quality,large,True,True,True
14010,2,Dresses,"I ordered the dress on-line. this dress looked pretty, the material was soft and comfortable, the length was perfect, but the zipper was totally out of place. it bulged out in a weird way which made it look like the dress was torn. i had to return the dress. i normally don't see a problem at this level in retailer clothes.",fabric/quality,neither,fabric/quality,neither,True,True,True
5622,3,Tops,"I love the design of this sweater and ordered it online, but was disappointed with the quality of the yarn when it arrived. also the color was a little different than i expected from the photo, still a type of ivory, but a little yellow-y. the sweater was solid looking, but the yarn seemed a bit cheap and i'm not sure how well it would have worn over time. flattering cut. i liked how it fit, but for the price and fabric, i decided to return it. unfortunate to lose money on shipping.",fabric/quality,neither,fabric/quality,neither,True,True,True
17067,3,Tops,"Love the shape of this top and often look to retailer for corset-style summer tops that are pretty. this top is made from a thick, stiff fabric that doesn't breathe. so my usual size xxs was too constricting. tried an xs also and it basically fit but i still wasn't a fan of the very heavy fabric in a summer top. it's almost like a neoprene. the colors are an odd choice and not my favorite either. i wanted to see in person and they just don't cut it for me. would love in different colors and softer",fabric/quality,neither,fabric/quality,neither,True,True,True
16807,3,Tops,"I had been eyeing this top for a while so i was so happy to see it go on sale! i was so excited that i went to my local retailer to try to purchase it right away. unfortunately this top did not fit me right. on the model it looks adorable, on me it was frumpy & ugly. the petite is sold out so i tried a regular medium (i'm usually in-between a medium & a large) & it fit me big & just didn't do anything to my figure. i agree with the other reviewers that the bow was too thin & flimsy & needed to be",size/fit,large,size/fit,large,True,True,True
7290,3,Intimate,"Overall: soft material, cute pattern - but definitely a return as just didn't fit right. 

fit: i am a six in most tops and based on the size chart - i ordered the size small. it fit comfortably around my bust - but the cup placement was basically at the center of my chest - so that my breasts were squished uncomfortably and unflattering in the middle. i've lost a bit of weight recently - so i'm more of a 36a, than 36b these days - but this wouldn't work for me or i imagine anyone with a broad",size/fit,neither,size/fit,neither,True,True,True
9539,3,Tops,"The wine color is beautiful, and the idea of a knot front with different back is a good one. however, both fabrics are thin, and the back is quite see through. the knit shows every single bodily imperfection. so, if you are the quintessential tall and thin, and you don't mind showing your bra, go for it! otherwise, i suggest skipping this one.",fabric/quality,neither,fabric/quality,neither,True,True,True
11342,2,Tops,This piece didn't make sense to me.  maybe it's bc i'm a yankee fan but it reminded me of a high end baseball jersey that was sheer.  i didn't think it was office appropriate but too dressy for casual wear.  it went back.,other,neither,other,neither,True,True,True
16625,2,Dresses,"I finally found this dress in store today and wow! i cannot believe this cheap looking dress is from ms! they have been among the top at retailer and this unlined, baggy, cheap velvet sub is a shock! what happened? only the color is nice. please get back to yourself ms!",fabric/quality,neither,fabric/quality,neither,True,True,True
503,2,Tops,"Is not a place i want to be, even if the style of a sweater is great.  yes, this sweater is very cropped, but i think it&amp;#39;s definitely intended to be worn off the shoulder to drop the waist a bit.  it&amp;#39;s the itchiness that makes it an immediate &amp;quot;no&amp;quot;, and that&amp;#39;s coming from someone who has serious fiber itch tolerance.",comfort,neither,comfort,neither,True,True,True
