Clothing ID,Division Name,Department Name,Class Name
0,General,Jackets,Outerwear
1,Initmates,Intimate,Layering
2,General,Tops,Knits
3,General,Tops,Sweaters
4,General,Tops,Sweaters
5,General,Tops,Sweaters
6,General,Tops,Sweaters
7,General,Jackets,Outerwear
8,Initmates,Intimate,Swim
9,General,Bottoms,Jeans
10,Initmates,Intimate,Chemises
11,General,Bottoms,Jeans
12,General,Tops,Knits
13,General,Dresses,Dresses
14,Initmates,Intimate,Intimates
15,Initmates,Intimate,Layering
16,General,Dresses,Dresses
17,General,Dresses,Dresses
18,General Petite,Bottoms,Jeans
19,General,Jackets,Outerwear
20,General,Dresses,Dresses
21,General Petite,Tops,Fine gauge
22,General,Tops,Knits
23,General Petite,Dresses,Dresses
24,Initmates,Intimate,Swim
25,General,Tops,Knits
26,General,Dresses,Dresses
27,Initmates,Intimate,Intimates
28,Initmates,Intimate,Swim
29,General Petite,Dresses,Dresses
30,General Petite,Dresses,Dresses
31,Initmates,Intimate,Swim
32,Initmates,Intimate,Intimates
33,Initmates,Intimate,Intimates
34,Initmates,Intimate,Intimates
35,Initmates,Intimate,Intimates
36,General,Bottoms,Shorts
37,Initmates,Intimate,Intimates
38,Initmates,Intimate,Intimates
39,Initmates,Intimate,Intimates
40,Initmates,Intimate,Intimates
41,Initmates,Intimate,Legwear
42,Initmates,Intimate,Intimates
43,Initmates,Intimate,Intimates
44,Initmates,Intimate,Intimates
45,General,Bottoms,Casual bottoms
46,Initmates,Intimate,Intimates
47,Initmates,Intimate,Swim
48,Initmates,Intimate,Intimates
49,Initmates,Intimate,Intimates
50,Initmates,Intimate,Intimates
51,Initmates,Intimate,Layering
52,General,Bottoms,Shorts
53,General,Bottoms,Shorts
54,General,Bottoms,Casual bottoms
55,General,Bottoms,Shorts
56,Initmates,Intimate,Intimates
57,Initmates,Intimate,Intimates
58,Initmates,Intimate,Intimates
59,Initmates,Intimate,Intimates
60,Initmates,Intimate,Lounge
61,Initmates,Intimate,Layering
62,General Petite,Intimate,Lounge
63,General,Bottoms,Shorts
64,Initmates,Intimate,Sleep
65,General,Bottoms,Shorts
66,Initmates,Intimate,Sleep
67,Initmates,Intimate,Layering
68,Initmates,Intimate,Layering
69,Initmates,Intimate,Layering
70,General,Bottoms,Shorts
71,Initmates,Intimate,Legwear
72,Unknown,Unknown,Unknown
73,Initmates,Intimate,Intimates
74,Initmates,Intimate,Intimates
75,General,Bottoms,Shorts
76,Initmates,Intimate,Legwear
77,Initmates,Intimate,Legwear
78,Initmates,Intimate,Intimates
79,Initmates,Intimate,Swim
80,Initmates,Intimate,Swim
81,Initmates,Intimate,Legwear
82,Initmates,Intimate,Lounge
83,Initmates,Intimate,Intimates
84,Initmates,Intimate,Intimates
85,Initmates,Intimate,Intimates
86,Initmates,Intimate,Intimates
87,Initmates,Intimate,Intimates
88,Initmates,Intimate,Intimates
89,Initmates,Intimate,Sleep
90,Initmates,Intimate,Legwear
91,Initmates,Intimate,Sleep
92,Initmates,Intimate,Intimates
93,Initmates,Intimate,Sleep
94,Initmates,Intimate,Lounge
95,Initmates,Intimate,Intimates
96,Initmates,Intimate,Intimates
97,Initmates,Intimate,Sleep
98,Initmates,Intimate,Intimates
99,Initmates,Intimate,Intimates
100,Initmates,Intimate,Intimates
101,Initmates,Intimate,Intimates
102,Initmates,Intimate,Intimates
103,Initmates,Intimate,Layering
104,Initmates,Intimate,Lounge
105,Initmates,Intimate,Lounge
106,Initmates,Intimate,Sleep
107,Initmates,Intimate,Sleep
108,Initmates,Intimate,Lounge
109,Initmates,Intimate,Layering
110,Initmates,Intimate,Lounge
111,Initmates,Intimate,Lounge
112,General Petite,Intimate,Lounge
113,Initmates,Intimate,Sleep
114,Initmates,Intimate,Lounge
115,Initmates,Intimate,Sleep
116,Initmates,Intimate,Sleep
117,Initmates,Intimate,Legwear
118,Initmates,Intimate,Sleep
119,Initmates,Intimate,Swim
120,Initmates,Intimate,Swim
121,Initmates,Intimate,Layering
122,Initmates,Intimate,Sleep
123,Initmates,Intimate,Sleep
124,Initmates,Intimate,Sleep
125,Initmates,Intimate,Layering
126,Initmates,Intimate,Lounge
127,General Petite,Intimate,Lounge
128,General Petite,Intimate,Lounge
129,Initmates,Intimate,Sleep
130,Initmates,Intimate,Layering
131,General,Bottoms,Shorts
132,General,Bottoms,Shorts
133,General,Bottoms,Shorts
134,General Petite,Intimate,Lounge
135,General Petite,Bottoms,Pants
136,Unknown,Unknown,Unknown
137,Initmates,Intimate,Legwear
138,Initmates,Intimate,Lounge
139,Initmates,Intimate,Layering
140,Initmates,Intimate,Legwear
141,Initmates,Intimate,Legwear
142,Initmates,Intimate,Legwear
143,Initmates,Intimate,Layering
144,Initmates,Intimate,Legwear
145,Initmates,Intimate,Sleep
146,General Petite,Intimate,Lounge
147,Initmates,Intimate,Sleep
148,Initmates,Intimate,Sleep
149,Initmates,Intimate,Lounge
150,Initmates,Intimate,Sleep
151,Initmates,Intimate,Legwear
152,Unknown,Unknown,Unknown
153,Initmates,Intimate,Legwear
154,Initmates,Intimate,Sleep
155,Initmates,Intimate,Legwear
156,Initmates,Intimate,Legwear
157,Initmates,Intimate,Legwear
158,Initmates,Intimate,Legwear
159,Initmates,Intimate,Lounge
160,Initmates,Intimate,Intimates
161,Initmates,Intimate,Legwear
162,Initmates,Intimate,Legwear
163,Initmates,Intimate,Legwear
164,Initmates,Intimate,Lounge
165,Initmates,Intimate,Lounge
166,Initmates,Intimate,Layering
167,General,Bottoms,Shorts
168,Initmates,Intimate,Sleep
169,Initmates,Intimate,Legwear
170,Initmates,Intimate,Sleep
171,Initmates,Intimate,Layering
172,Initmates,Intimate,Sleep
173,Initmates,Intimate,Intimates
174,Initmates,Intimate,Swim
175,Initmates,Intimate,Swim
176,Initmates,Intimate,Sleep
177,General,Bottoms,Shorts
178,Initmates,Intimate,Intimates
179,Initmates,Intimate,Intimates
180,Initmates,Intimate,Sleep
181,Initmates,Intimate,Legwear
182,Initmates,Intimate,Legwear
183,Initmates,Intimate,Legwear
184,Unknown,Unknown,Unknown
185,Initmates,Intimate,Legwear
186,Initmates,Intimate,Legwear
187,Initmates,Intimate,Legwear
188,Initmates,Intimate,Legwear
189,Initmates,Intimate,Legwear
190,General Petite,Intimate,Lounge
191,General,Bottoms,Shorts
192,Initmates,Intimate,Lounge
193,Initmates,Intimate,Sleep
194,General Petite,Intimate,Lounge
195,Initmates,Intimate,Lounge
196,Initmates,Intimate,Sleep
197,Initmates,Intimate,Swim
198,Initmates,Intimate,Swim
199,Initmates,Intimate,Swim
200,Initmates,Intimate,Sleep
201,Initmates,Intimate,Legwear
202,Initmates,Intimate,Intimates
203,Initmates,Intimate,Lounge
204,Initmates,Intimate,Intimates
205,Initmates,Intimate,Layering
206,Initmates,Intimate,Sleep
207,Initmates,Intimate,Intimates
208,Initmates,Intimate,Layering
209,Initmates,Intimate,Intimates
210,Initmates,Intimate,Layering
211,Initmates,Intimate,Intimates
212,Initmates,Intimate,Swim
213,Initmates,Intimate,Swim
214,Initmates,Intimate,Sleep
215,Initmates,Intimate,Legwear
216,Initmates,Intimate,Lounge
217,Initmates,Intimate,Lounge
218,Initmates,Intimate,Swim
219,Initmates,Intimate,Swim
220,Initmates,Intimate,Swim
221,Initmates,Intimate,Swim
222,Initmates,Intimate,Swim
223,Initmates,Intimate,Legwear
224,Initmates,Intimate,Swim
225,Initmates,Intimate,Legwear
226,Initmates,Intimate,Sleep
227,Initmates,Intimate,Layering
228,Initmates,Intimate,Legwear
229,Initmates,Intimate,Legwear
230,Initmates,Intimate,Intimates
231,Initmates,Intimate,Sleep
232,Initmates,Intimate,Sleep
233,Initmates,Intimate,Intimates
234,Initmates,Intimate,Swim
235,Initmates,Intimate,Swim
236,Initmates,Intimate,Swim
237,Initmates,Intimate,Swim
238,Initmates,Intimate,Swim
239,Initmates,Intimate,Swim
240,Initmates,Intimate,Swim
241,Initmates,Intimate,Swim
242,Initmates,Intimate,Swim
243,Initmates,Intimate,Sleep
244,Initmates,Intimate,Sleep
245,Initmates,Intimate,Layering
246,Initmates,Intimate,Swim
247,Initmates,Intimate,Intimates
248,Initmates,Intimate,Intimates
249,General Petite,Intimate,Lounge
250,Initmates,Intimate,Sleep
251,Initmates,Intimate,Lounge
252,Initmates,Intimate,Swim
253,Initmates,Intimate,Swim
254,Initmates,Intimate,Swim
255,Initmates,Intimate,Lounge
256,General Petite,Intimate,Lounge
257,Initmates,Intimate,Lounge
258,Initmates,Intimate,Sleep
259,Initmates,Intimate,Sleep
260,Initmates,Intimate,Lounge
261,Initmates,Intimate,Layering
262,General Petite,Intimate,Lounge
263,Initmates,Intimate,Layering
264,Initmates,Intimate,Legwear
265,Initmates,Intimate,Sleep
266,Initmates,Intimate,Lounge
267,Initmates,Intimate,Sleep
268,Initmates,Intimate,Sleep
269,Initmates,Intimate,Swim
270,Initmates,Intimate,Swim
271,General,Bottoms,Shorts
272,Initmates,Intimate,Swim
273,Initmates,Intimate,Sleep
274,Initmates,Intimate,Lounge
275,Initmates,Intimate,Lounge
276,Initmates,Intimate,Lounge
277,Initmates,Intimate,Swim
278,Initmates,Intimate,Lounge
279,General Petite,Intimate,Lounge
280,Initmates,Intimate,Swim
281,Initmates,Intimate,Swim
282,General,Bottoms,Shorts
283,Initmates,Intimate,Lounge
284,Initmates,Intimate,Intimates
285,Initmates,Intimate,Intimates
286,Initmates,Intimate,Swim
287,Initmates,Intimate,Lounge
288,Initmates,Intimate,Intimates
289,Initmates,Intimate,Swim
290,Initmates,Intimate,Lounge
291,Initmates,Intimate,Swim
292,Initmates,Intimate,Swim
293,Initmates,Intimate,Swim
294,General Petite,Intimate,Lounge
295,Initmates,Intimate,Layering
296,Initmates,Intimate,Layering
297,Initmates,Intimate,Legwear
298,General Petite,Intimate,Lounge
299,General,Bottoms,Shorts
300,Initmates,Intimate,Lounge
301,Initmates,Intimate,Swim
302,Initmates,Intimate,Swim
303,Initmates,Intimate,Lounge
304,Initmates,Intimate,Lounge
305,Initmates,Intimate,Swim
306,General Petite,Bottoms,Pants
307,Initmates,Intimate,Lounge
308,Initmates,Intimate,Lounge
309,Initmates,Intimate,Lounge
310,Initmates,Intimate,Lounge
311,Initmates,Intimate,Lounge
312,Initmates,Intimate,Lounge
313,Initmates,Intimate,Sleep
314,Initmates,Intimate,Swim
315,Initmates,Intimate,Swim
316,General,Bottoms,Shorts
317,Initmates,Intimate,Swim
318,Initmates,Intimate,Swim
319,Initmates,Intimate,Swim
320,Initmates,Intimate,Sleep
321,Initmates,Intimate,Swim
322,Initmates,Intimate,Swim
323,General,Bottoms,Shorts
324,General,Bottoms,Shorts
325,Initmates,Intimate,Sleep
326,General,Bottoms,Shorts
327,Initmates,Intimate,Swim
328,Initmates,Intimate,Lounge
329,Initmates,Intimate,Sleep
330,Initmates,Intimate,Sleep
331,Initmates,Intimate,Lounge
332,General,Bottoms,Shorts
333,General,Bottoms,Shorts
334,Initmates,Intimate,Swim
335,General Petite,Intimate,Lounge
336,Initmates,Intimate,Lounge
337,Initmates,Intimate,Lounge
338,Initmates,Intimate,Lounge
339,Initmates,Intimate,Lounge
340,General Petite,Intimate,Lounge
341,General Petite,Bottoms,Pants
342,Initmates,Intimate,Swim
343,Initmates,Intimate,Layering
344,Initmates,Intimate,Swim
345,Initmates,Intimate,Swim
346,Initmates,Intimate,Swim
347,Initmates,Intimate,Intimates
348,Initmates,Intimate,Swim
349,Initmates,Intimate,Intimates
350,General,Bottoms,Shorts
351,Initmates,Intimate,Sleep
352,Initmates,Intimate,Intimates
353,Initmates,Intimate,Intimates
354,Initmates,Intimate,Swim
355,Initmates,Intimate,Swim
356,General Petite,Intimate,Lounge
357,General,Bottoms,Shorts
358,Initmates,Intimate,Intimates
359,Initmates,Intimate,Layering
360,Initmates,Intimate,Lounge
361,Initmates,Intimate,Intimates
362,Initmates,Intimate,Intimates
363,Initmates,Intimate,Layering
364,General Petite,Intimate,Lounge
365,Initmates,Intimate,Lounge
366,Initmates,Intimate,Lounge
367,Initmates,Intimate,Lounge
368,Initmates,Intimate,Intimates
369,Initmates,Intimate,Intimates
370,Initmates,Intimate,Lounge
371,Initmates,Intimate,Lounge
372,Initmates,Intimate,Lounge
373,Initmates,Intimate,Intimates
374,General Petite,Intimate,Lounge
375,Initmates,Intimate,Lounge
376,Initmates,Intimate,Lounge
377,Initmates,Intimate,Lounge
378,Initmates,Intimate,Swim
379,Initmates,Intimate,Sleep
380,Initmates,Intimate,Swim
381,Initmates,Intimate,Swim
382,Initmates,Intimate,Swim
383,General,Bottoms,Shorts
384,Initmates,Intimate,Intimates
385,Initmates,Intimate,Intimates
386,Initmates,Intimate,Intimates
387,Initmates,Intimate,Intimates
388,Initmates,Intimate,Intimates
389,Initmates,Intimate,Swim
390,Initmates,Intimate,Swim
391,Initmates,Intimate,Swim
392,Initmates,Intimate,Swim
393,Initmates,Intimate,Swim
394,Initmates,Intimate,Swim
395,Initmates,Intimate,Swim
396,Initmates,Intimate,Swim
397,Initmates,Intimate,Lounge
398,Initmates,Intimate,Lounge
399,Initmates,Intimate,Lounge
400,Initmates,Intimate,Swim
401,Initmates,Intimate,Swim
402,Initmates,Intimate,Swim
403,Initmates,Intimate,Swim
404,Initmates,Intimate,Swim
405,General,Bottoms,Shorts
406,Initmates,Intimate,Swim
407,Initmates,Intimate,Swim
408,Initmates,Intimate,Swim
409,General,Bottoms,Shorts
410,Initmates,Intimate,Intimates
411,Initmates,Intimate,Intimates
412,Initmates,Intimate,Intimates
413,Initmates,Intimate,Sleep
414,Initmates,Intimate,Sleep
415,Initmates,Intimate,Swim
416,Initmates,Intimate,Swim
417,General,Bottoms,Shorts
418,Initmates,Intimate,Sleep
419,General Petite,Intimate,Lounge
420,Initmates,Intimate,Lounge
421,General Petite,Intimate,Lounge
422,Initmates,Intimate,Lounge
423,Initmates,Intimate,Lounge
424,Initmates,Intimate,Lounge
425,Initmates,Intimate,Lounge
426,Initmates,Intimate,Lounge
427,Initmates,Intimate,Lounge
428,Initmates,Intimate,Swim
429,General,Bottoms,Shorts
430,Initmates,Intimate,Intimates
431,Initmates,Intimate,Intimates
432,Initmates,Intimate,Swim
433,General,Bottoms,Shorts
434,Initmates,Intimate,Lounge
435,General Petite,Intimate,Lounge
436,Initmates,Intimate,Lounge
437,General Petite,Bottoms,Pants
438,General,Bottoms,Shorts
439,Initmates,Intimate,Layering
440,Initmates,Intimate,Lounge
441,Initmates,Intimate,Swim
442,Initmates,Intimate,Swim
443,Initmates,Intimate,Swim
444,Initmates,Intimate,Swim
445,Initmates,Intimate,Swim
446,General,Bottoms,Shorts
447,General,Bottoms,Shorts
448,General,Bottoms,Shorts
449,General,Bottoms,Shorts
450,General,Bottoms,Shorts
451,General Petite,Intimate,Lounge
452,Initmates,Intimate,Sleep
453,General,Bottoms,Shorts
454,Initmates,Intimate,Lounge
455,Initmates,Intimate,Lounge
456,General,Bottoms,Shorts
457,Initmates,Intimate,Legwear
458,Initmates,Intimate,Sleep
459,Initmates,Intimate,Swim
460,General,Bottoms,Shorts
461,Initmates,Intimate,Swim
462,Initmates,Intimate,Swim
463,Initmates,Intimate,Layering
464,Initmates,Intimate,Swim
465,Initmates,Intimate,Swim
466,Initmates,Intimate,Swim
467,Initmates,Intimate,Swim
468,Initmates,Intimate,Swim
469,Initmates,Intimate,Swim
470,Initmates,Intimate,Swim
471,Initmates,Intimate,Swim
472,General Petite,Bottoms,Pants
473,General Petite,Bottoms,Pants
474,General,Bottoms,Shorts
475,Initmates,Intimate,Intimates
476,Initmates,Intimate,Layering
477,Initmates,Intimate,Sleep
478,General,Bottoms,Shorts
479,General,Bottoms,Shorts
480,General,Bottoms,Shorts
481,General Petite,Bottoms,Pants
482,Initmates,Intimate,Lounge
483,Initmates,Intimate,Sleep
484,Initmates,Intimate,Sleep
485,General,Bottoms,Shorts
486,Initmates,Intimate,Sleep
487,Initmates,Intimate,Legwear
488,Initmates,Intimate,Legwear
489,General Petite,Bottoms,Pants
490,General Petite,Bottoms,Pants
491,Initmates,Intimate,Layering
492,Unknown,Unknown,Unknown
493,Initmates,Intimate,Lounge
494,General,Bottoms,Shorts
495,General,Bottoms,Shorts
496,General,Bottoms,Shorts
497,Initmates,Intimate,Lounge
498,General Petite,Intimate,Lounge
499,Initmates,Intimate,Layering
500,Initmates,Intimate,Swim
501,Initmates,Intimate,Sleep
502,Initmates,Intimate,Swim
503,Initmates,Intimate,Intimates
504,Initmates,Intimate,Sleep
505,Initmates,Intimate,Sleep
506,Initmates,Intimate,Sleep
507,Initmates,Intimate,Sleep
508,Initmates,Intimate,Sleep
509,Initmates,Intimate,Sleep
510,General Petite,Intimate,Lounge
511,Initmates,Intimate,Sleep
512,Initmates,Intimate,Sleep
513,Initmates,Intimate,Swim
514,Initmates,Intimate,Swim
515,Initmates,Intimate,Swim
516,Initmates,Intimate,Swim
517,Initmates,Intimate,Lounge
518,Initmates,Intimate,Lounge
519,Initmates,Intimate,Lounge
520,Initmates,Intimate,Layering
521,Initmates,Intimate,Swim
522,Initmates,Intimate,Swim
523,Initmates,Intimate,Swim
524,Initmates,Intimate,Swim
525,Initmates,Intimate,Swim
526,General,Bottoms,Shorts
527,Initmates,Intimate,Swim
528,General,Bottoms,Shorts
529,General,Bottoms,Shorts
530,General,Bottoms,Shorts
531,Initmates,Intimate,Lounge
532,Initmates,Intimate,Lounge
533,General,Bottoms,Shorts
534,Initmates,Intimate,Swim
535,Initmates,Intimate,Swim
536,Initmates,Intimate,Swim
537,General,Bottoms,Shorts
538,Initmates,Intimate,Layering
539,General Petite,Intimate,Lounge
540,General,Bottoms,Shorts
541,General,Bottoms,Shorts
542,General,Bottoms,Shorts
543,General,Bottoms,Shorts
544,Initmates,Intimate,Swim
545,Initmates,Intimate,Layering
546,General,Bottoms,Shorts
547,Initmates,Intimate,Layering
548,General,Trend,Trend
549,Initmates,Intimate,Layering
550,General,Trend,Trend
551,General,Trend,Trend
552,General,Trend,Trend
553,Initmates,Intimate,Sleep
554,Initmates,Intimate,Sleep
555,General,Trend,Trend
556,Initmates,Intimate,Swim
557,Initmates,Intimate,Layering
558,Initmates,Intimate,Layering
559,General,Trend,Trend
560,General,Trend,Trend
561,General Petite,Trend,Trend
562,General,Trend,Trend
563,General,Trend,Trend
564,General,Trend,Trend
565,General Petite,Trend,Trend
566,General,Trend,Trend
567,General,Trend,Trend
568,General,Trend,Trend
569,General,Trend,Trend
570,General,Trend,Trend
571,General,Trend,Trend
572,General,Trend,Trend
573,General Petite,Trend,Trend
574,Initmates,Intimate,Layering
575,General,Trend,Trend
576,General,Bottoms,Shorts
577,General,Bottoms,Shorts
578,Initmates,Intimate,Layering
579,General,Bottoms,Shorts
580,Initmates,Intimate,Lounge
581,Initmates,Intimate,Lounge
582,General,Bottoms,Shorts
583,Initmates,Intimate,Lounge
584,Initmates,Intimate,Swim
585,Initmates,Intimate,Layering
586,General,Bottoms,Shorts
587,General,Bottoms,Shorts
588,General,Bottoms,Shorts
589,General Petite,Bottoms,Pants
590,General Petite,Bottoms,Pants
591,Initmates,Intimate,Layering
592,General,Bottoms,Shorts
593,General,Trend,Trend
594,Initmates,Intimate,Lounge
595,Initmates,Intimate,Lounge
596,General,Trend,Trend
597,General,Trend,Trend
598,Initmates,Intimate,Swim
599,Initmates,Intimate,Swim
600,Initmates,Intimate,Swim
601,Initmates,Intimate,Swim
602,General,Bottoms,Shorts
603,General,Bottoms,Shorts
604,General,Bottoms,Shorts
605,General,Bottoms,Shorts
606,General,Bottoms,Shorts
607,General,Bottoms,Shorts
608,Initmates,Intimate,Layering
609,Initmates,Intimate,Layering
610,Initmates,Intimate,Swim
611,General Petite,Bottoms,Pants
612,General,Bottoms,Shorts
613,Initmates,Intimate,Swim
614,General,Bottoms,Shorts
615,General Petite,Bottoms,Pants
616,Initmates,Intimate,Lounge
617,Initmates,Intimate,Swim
618,Initmates,Intimate,Swim
619,General,Bottoms,Shorts
620,General,Bottoms,Shorts
621,General Petite,Intimate,Lounge
622,Initmates,Intimate,Lounge
623,Initmates,Intimate,Lounge
624,Initmates,Intimate,Lounge
625,Initmates,Intimate,Swim
626,General Petite,Bottoms,Pants
627,Initmates,Intimate,Swim
628,Initmates,Intimate,Lounge
629,General,Bottoms,Shorts
630,General,Bottoms,Shorts
631,General Petite,Intimate,Lounge
632,Initmates,Intimate,Lounge
633,General,Bottoms,Shorts
634,General Petite,Intimate,Lounge
635,General Petite,Intimate,Lounge
636,General Petite,Intimate,Lounge
637,Initmates,Intimate,Legwear
638,Initmates,Intimate,Legwear
639,General Petite,Intimate,Lounge
640,General Petite,Intimate,Lounge
641,General Petite,Intimate,Lounge
642,Initmates,Intimate,Lounge
643,General,Trend,Trend
644,Initmates,Intimate,Intimates
645,Initmates,Intimate,Intimates
646,Initmates,Intimate,Lounge
647,General Petite,Intimate,Lounge
648,Initmates,Intimate,Lounge
649,General Petite,Intimate,Lounge
650,Initmates,Intimate,Lounge
651,Initmates,Intimate,Intimates
652,Initmates,Intimate,Lounge
653,Initmates,Intimate,Lounge
654,Initmates,Intimate,Swim
655,Initmates,Intimate,Swim
656,Initmates,Intimate,Lounge
657,Initmates,Intimate,Lounge
658,Initmates,Intimate,Lounge
659,Initmates,Intimate,Swim
660,Initmates,Intimate,Swim
661,General Petite,Intimate,Lounge
662,Initmates,Intimate,Lounge
663,Initmates,Intimate,Lounge
664,Initmates,Intimate,Sleep
665,Unknown,Unknown,Unknown
666,Initmates,Intimate,Sleep
667,General Petite,Intimate,Lounge
668,Initmates,Intimate,Sleep
669,General Petite,Intimate,Lounge
670,Initmates,Intimate,Sleep
671,Initmates,Intimate,Sleep
672,Initmates,Intimate,Sleep
673,General Petite,Intimate,Lounge
674,General Petite,Intimate,Lounge
675,Initmates,Intimate,Lounge
676,General,Bottoms,Shorts
677,Initmates,Intimate,Lounge
678,Initmates,Intimate,Sleep
679,Initmates,Intimate,Swim
680,General,Bottoms,Shorts
681,Initmates,Intimate,Lounge
682,Initmates,Intimate,Lounge
683,Initmates,Intimate,Lounge
684,Initmates,Intimate,Lounge
685,Initmates,Intimate,Sleep
686,Initmates,Intimate,Sleep
687,Initmates,Intimate,Intimates
688,Initmates,Intimate,Lounge
689,Initmates,Intimate,Lounge
690,Initmates,Intimate,Swim
691,Initmates,Intimate,Lounge
692,Initmates,Intimate,Sleep
693,General Petite,Intimate,Lounge
694,Initmates,Intimate,Intimates
695,Initmates,Intimate,Intimates
696,Initmates,Intimate,Lounge
697,Initmates,Intimate,Lounge
698,Initmates,Intimate,Lounge
699,Initmates,Intimate,Legwear
700,Initmates,Intimate,Intimates
701,Initmates,Intimate,Swim
702,General,Bottoms,Shorts
703,General Petite,Bottoms,Pants
704,Initmates,Intimate,Intimates
705,General,Bottoms,Shorts
706,Initmates,Intimate,Lounge
707,Initmates,Intimate,Lounge
708,Initmates,Intimate,Lounge
709,Initmates,Intimate,Lounge
710,Initmates,Intimate,Lounge
711,Initmates,Intimate,Lounge
712,Initmates,Intimate,Lounge
713,Initmates,Intimate,Lounge
714,Initmates,Intimate,Intimates
715,Initmates,Intimate,Lounge
716,Initmates,Intimate,Legwear
717,General,Bottoms,Shorts
718,Initmates,Intimate,Lounge
719,Initmates,Intimate,Lounge
720,Initmates,Intimate,Lounge
721,General Petite,Intimate,Lounge
722,Initmates,Intimate,Sleep
723,Initmates,Intimate,Lounge
724,Initmates,Intimate,Intimates
725,Initmates,Intimate,Lounge
726,Initmates,Intimate,Lounge
727,Initmates,Intimate,Lounge
728,Initmates,Intimate,Legwear
729,Initmates,Intimate,Swim
730,Initmates,Intimate,Swim
731,Initmates,Intimate,Lounge
732,Initmates,Intimate,Legwear
733,General Petite,Intimate,Lounge
734,General Petite,Intimate,Lounge
735,General Petite,Intimate,Lounge
736,Initmates,Intimate,Intimates
737,Initmates,Intimate,Intimates
738,Initmates,Intimate,Swim
739,Initmates,Intimate,Lounge
740,Initmates,Intimate,Swim
741,Initmates,Intimate,Swim
742,Initmates,Intimate,Lounge
743,Initmates,Intimate,Intimates
744,Initmates,Intimate,Intimates
745,Initmates,Intimate,Legwear
746,Initmates,Intimate,Intimates
747,Initmates,Intimate,Intimates
748,Initmates,Intimate,Intimates
749,General,Bottoms,Shorts
750,Initmates,Intimate,Swim
751,Initmates,Intimate,Lounge
752,Initmates,Intimate,Sleep
753,Initmates,Intimate,Lounge
754,Initmates,Intimate,Intimates
755,Initmates,Intimate,Lounge
756,General Petite,Intimate,Lounge
757,Initmates,Intimate,Intimates
758,Initmates,Intimate,Intimates
759,Initmates,Intimate,Lounge
760,Initmates,Intimate,Intimates
761,Initmates,Intimate,Lounge
762,General Petite,Intimate,Lounge
763,Initmates,Intimate,Lounge
764,Initmates,Intimate,Lounge
765,Initmates,Intimate,Lounge
766,Initmates,Intimate,Lounge
767,Initmates,Intimate,Intimates
768,Initmates,Intimate,Lounge
769,Initmates,Intimate,Lounge
770,Initmates,Intimate,Lounge
771,General Petite,Bottoms,Pants
772,Unknown,Unknown,Unknown
773,Initmates,Intimate,Intimates
774,Initmates,Intimate,Lounge
775,Initmates,Intimate,Sleep
776,Initmates,Intimate,Legwear
777,Initmates,Intimate,Lounge
778,Initmates,Intimate,Lounge
779,Initmates,Intimate,Lounge
780,Initmates,Intimate,Lounge
781,Initmates,Intimate,Lounge
782,Initmates,Intimate,Lounge
783,Initmates,Intimate,Sleep
784,Initmates,Intimate,Legwear
785,Initmates,Intimate,Sleep
786,Initmates,Intimate,Sleep
787,Initmates,Intimate,Sleep
788,Initmates,Intimate,Lounge
789,Initmates,Intimate,Lounge
790,Initmates,Intimate,Lounge
791,Initmates,Intimate,Lounge
792,Initmates,Intimate,Sleep
793,Initmates,Intimate,Sleep
794,Initmates,Intimate,Lounge
795,Initmates,Intimate,Lounge
796,Initmates,Intimate,Lounge
797,Initmates,Intimate,Lounge
798,Initmates,Intimate,Intimates
799,Initmates,Intimate,Intimates
800,Initmates,Intimate,Intimates
801,Initmates,Intimate,Lounge
802,Initmates,Intimate,Lounge
803,Initmates,Intimate,Lounge
804,Initmates,Intimate,Lounge
805,Initmates,Intimate,Lounge
806,General Petite,Intimate,Lounge
807,Initmates,Intimate,Intimates
808,Initmates,Intimate,Lounge
809,Initmates,Intimate,Lounge
810,Initmates,Intimate,Lounge
811,Initmates,Intimate,Lounge
812,Initmates,Intimate,Lounge
813,Initmates,Intimate,Sleep
814,Initmates,Intimate,Sleep
815,General / General Petite,Tops,Blouses
816,General / General Petite,Tops,Blouses
817,General / General Petite,Tops,Blouses
818,General / General Petite,Tops,Blouses
819,General / General Petite,Tops,Blouses
820,General / General Petite,Tops,Blouses
821,General,Tops,Blouses
822,General / General Petite,Tops,Blouses
823,General / General Petite,Tops,Blouses
824,General / General Petite,Tops,Blouses
825,General / General Petite,Tops,Blouses
826,General / General Petite,Tops,Blouses
827,General / General Petite,Tops,Blouses
828,General / General Petite,Tops,Blouses
829,General / General Petite,Tops,Blouses
830,General / General Petite,Tops,Blouses
831,General / General Petite,Tops,Blouses
832,General / General Petite,Tops,Blouses
833,General / General Petite,Tops,Blouses
834,General / General Petite,Tops,Blouses
835,General / General Petite,Tops,Blouses
836,General / General Petite,Tops,Blouses
837,General,Tops,Blouses
838,General / General Petite,Tops,Blouses
839,General / General Petite,Tops,Blouses
840,General / General Petite,Tops,Blouses
841,General / General Petite,Tops,Blouses
842,General / General Petite,Tops,Blouses
843,General,Tops,Blouses
844,General / General Petite,Tops,Blouses
845,General Petite,Tops,Blouses
846,General Petite,Tops,Blouses
847,General / General Petite,Tops,Blouses
848,General,Tops,Blouses
849,General Petite,Tops,Blouses
850,General / General Petite,Tops,Blouses
851,General / General Petite,Tops,Blouses
852,General,Tops,Blouses
853,General,Tops,Blouses
854,General / General Petite,Tops,Knits
855,General / General Petite,Tops,Knits
856,General,Tops,Knits
857,General / General Petite,Tops,Knits
858,General / General Petite,Tops,Knits
859,General / General Petite,Tops,Knits
860,General / General Petite,Tops,Knits
861,General / General Petite,Tops,Knits
862,General / General Petite,Tops,Knits
863,General / General Petite,Tops,Knits
864,General / General Petite,Tops,Knits
865,General / General Petite,Tops,Knits
866,General / General Petite,Tops,Knits
867,General / General Petite,Tops,Knits
868,General / General Petite,Tops,Knits
869,General / General Petite,Tops,Knits
870,General / General Petite,Tops,Knits
871,General / General Petite,Tops,Knits
872,General / General Petite,Tops,Knits
873,General / General Petite,Tops,Knits
874,General,Tops,Knits
875,General / General Petite,Tops,Knits
876,General / General Petite,Tops,Knits
877,General / General Petite,Tops,Knits
878,General / General Petite,Tops,Knits
879,General / General Petite,Tops,Knits
880,General / General Petite,Tops,Knits
881,General / General Petite,Tops,Knits
882,General,Tops,Knits
883,General / General Petite,Tops,Knits
884,General Petite,Tops,Knits
885,General,Tops,Knits
886,General / General Petite,Tops,Knits
887,General,Tops,Knits
888,General,Tops,Knits
889,General,Tops,Fine gauge
890,General / General Petite,Tops,Fine gauge
891,General,Tops,Fine gauge
892,General,Tops,Fine gauge
893,General,Tops,Fine gauge
894,General,Tops,Fine gauge
895,General / General Petite,Tops,Fine gauge
896,General,Tops,Fine gauge
897,General,Tops,Fine gauge
898,General / General Petite,Tops,Fine gauge
899,General / General Petite,Tops,Fine gauge
900,General / General Petite,Tops,Fine gauge
901,General,Tops,Fine gauge
902,General / General Petite,Tops,Fine gauge
903,General / General Petite,Tops,Fine gauge
904,General / General Petite,Tops,Fine gauge
905,General,Tops,Fine gauge
906,General / General Petite,Tops,Fine gauge
907,General / General Petite,Tops,Fine gauge
908,General / General Petite,Tops,Fine gauge
909,General / General Petite,Tops,Fine gauge
910,General,Tops,Fine gauge
911,General / General Petite,Tops,Fine gauge
912,General / General Petite,Tops,Fine gauge
913,General,Tops,Fine gauge
914,General,Tops,Fine gauge
915,General,Tops,Fine gauge
916,General / General Petite,Tops,Fine gauge
917,General,Tops,Fine gauge
918,General / General Petite,Tops,Fine gauge
919,General Petite,Tops,Fine gauge
920,General,Tops,Fine gauge
921,General,Tops,Sweaters
922,General,Tops,Sweaters
923,General,Tops,Sweaters
924,General,Tops,Sweaters
925,General,Tops,Sweaters
926,General,Tops,Sweaters
927,General / General Petite,Tops,Sweaters
928,General,Tops,Sweaters
929,General,Tops,Sweaters
930,General / General Petite,Tops,Sweaters
931,General,Tops,Sweaters
932,General,Tops,Sweaters
933,General / General Petite,Tops,Sweaters
934,General,Tops,Sweaters
935,General,Tops,Sweaters
936,General / General Petite,Tops,Sweaters
937,General,Tops,Sweaters
938,General / General Petite,Tops,Sweaters
939,General / General Petite,Tops,Sweaters
940,General / General Petite,Tops,Sweaters
941,General / General Petite,Tops,Sweaters
942,General / General Petite,Tops,Sweaters
943,General,Tops,Sweaters
944,General / General Petite,Tops,Sweaters
945,General / General Petite,Tops,Sweaters
946,General,Tops,Sweaters
947,General,Tops,Sweaters
948,General / General Petite,Tops,Sweaters
949,General / General Petite,Tops,Sweaters
950,General,Tops,Sweaters
951,General,Tops,Sweaters
952,General / General Petite,Tops,Sweaters
953,General,Tops,Sweaters
954,General,Tops,Sweaters
955,General,Jackets,Jackets
956,General / General Petite,Jackets,Jackets
957,General Petite,Jackets,Jackets
958,General,Jackets,Jackets
959,General / General Petite,Jackets,Jackets
960,General / General Petite,Jackets,Jackets
961,General,Jackets,Jackets
962,General,Jackets,Jackets
963,General,Jackets,Jackets
964,General / General Petite,Jackets,Jackets
965,General / General Petite,Jackets,Jackets
966,General / General Petite,Jackets,Jackets
967,General,Jackets,Jackets
968,General,Jackets,Jackets
969,General / General Petite,Jackets,Jackets
970,General / General Petite,Jackets,Jackets
971,General Petite,Jackets,Jackets
972,General,Jackets,Jackets
973,General Petite,Jackets,Jackets
974,General / General Petite,Jackets,Jackets
975,General / General Petite,Jackets,Jackets
976,General / General Petite,Jackets,Jackets
977,General Petite,Jackets,Jackets
978,General Petite,Jackets,Jackets
979,General,Jackets,Jackets
980,General / General Petite,Jackets,Jackets
981,General Petite,Jackets,Jackets
982,General,Jackets,Jackets
983,General,Jackets,Jackets
984,General / General Petite,Jackets,Jackets
985,General / General Petite,Jackets,Jackets
986,General / General Petite,Jackets,Jackets
987,General,Bottoms,Skirts
988,General / General Petite,Bottoms,Skirts
989,General,Bottoms,Skirts
990,General / General Petite,Bottoms,Skirts
991,General,Bottoms,Skirts
992,General / General Petite,Bottoms,Skirts
993,General / General Petite,Bottoms,Skirts
994,General / General Petite,Bottoms,Skirts
995,General / General Petite,Bottoms,Skirts
996,General / General Petite,Bottoms,Skirts
997,General Petite,Bottoms,Skirts
998,General,Bottoms,Skirts
999,General / General Petite,Bottoms,Skirts
1000,General,Bottoms,Skirts
1001,General,Bottoms,Skirts
1002,General,Bottoms,Skirts
1003,General / General Petite,Bottoms,Skirts
1004,General / General Petite,Bottoms,Skirts
1005,General / General Petite,Bottoms,Skirts
1006,General,Bottoms,Skirts
1007,General Petite,Bottoms,Skirts
1008,General / General Petite,Bottoms,Skirts
1009,General / General Petite,Bottoms,Skirts
1010,General / General Petite,Bottoms,Skirts
1011,General / General Petite,Bottoms,Skirts
1012,General / General Petite,Bottoms,Skirts
1013,General,Bottoms,Skirts
1014,General Petite,Bottoms,Skirts
1015,General / General Petite,Bottoms,Skirts
1016,General / General Petite,Bottoms,Skirts
1017,General,Bottoms,Skirts
1018,General,Bottoms,Skirts
1019,General,Bottoms,Skirts
1020,General / General Petite,Bottoms,Skirts
1021,General,Bottoms,Skirts
1022,General / General Petite,Bottoms,Jeans
1023,General,Bottoms,Jeans
1024,General,Bottoms,Jeans
1025,General / General Petite,Bottoms,Jeans
1026,General / General Petite,Bottoms,Jeans
1027,General,Bottoms,Jeans
1028,General / General Petite,Bottoms,Jeans
1029,General Petite,Bottoms,Jeans
1030,General,Bottoms,Jeans
1031,General,Bottoms,Jeans
1032,General,Bottoms,Jeans
1033,General / General Petite,Bottoms,Jeans
1034,General Petite,Bottoms,Jeans
1035,General / General Petite,Bottoms,Jeans
1036,General / General Petite,Bottoms,Jeans
1037,General / General Petite,Bottoms,Jeans
1038,General / General Petite,Bottoms,Jeans
1039,General,Bottoms,Jeans
1040,General,Bottoms,Jeans
1041,General,Bottoms,Pants
1042,General / General Petite,Bottoms,Pants
1043,General,Bottoms,Pants
1044,General / General Petite,Bottoms,Pants
1045,General,Bottoms,Pants
1046,General / General Petite,Bottoms,Pants
1047,General / General Petite,Bottoms,Pants
1048,General Petite,Bottoms,Pants
1049,General / General Petite,Bottoms,Pants
1050,General / General Petite,Bottoms,Pants
1051,General / General Petite,Bottoms,Pants
1052,General / General Petite,Bottoms,Pants
1053,General / General Petite,Bottoms,Pants
1054,General,Bottoms,Pants
1055,General / General Petite,Bottoms,Pants
1056,General / General Petite,Bottoms,Pants
1057,General Petite,Bottoms,Pants
1058,General,Bottoms,Pants
1059,General / General Petite,Bottoms,Pants
1060,General / General Petite,Bottoms,Pants
1061,General,Bottoms,Pants
1062,General / General Petite,Bottoms,Pants
1063,General,Bottoms,Pants
1064,General,Bottoms,Pants
1065,General,Bottoms,Pants
1066,General / General Petite,Bottoms,Pants
1067,General Petite,Bottoms,Pants
1068,General / General Petite,Bottoms,Pants
1069,General,Bottoms,Pants
1070,General / General Petite,Bottoms,Pants
1071,General Petite,Dresses,Dresses
1072,General / General Petite,Dresses,Dresses
1073,General Petite,Dresses,Dresses
1074,General / General Petite,Dresses,Dresses
1075,General / General Petite,Dresses,Dresses
1076,General / General Petite,Dresses,Dresses
1077,General / General Petite,Dresses,Dresses
1078,General / General Petite,Dresses,Dresses
1079,General / General Petite,Dresses,Dresses
1080,General / General Petite,Dresses,Dresses
1081,General / General Petite,Dresses,Dresses
1082,General / General Petite,Dresses,Dresses
1083,General / General Petite,Dresses,Dresses
1084,General / General Petite,Dresses,Dresses
1085,General / General Petite,Dresses,Dresses
1086,General / General Petite,Dresses,Dresses
1087,General / General Petite,Dresses,Dresses
1088,General / General Petite,Dresses,Dresses
1089,General / General Petite,Dresses,Dresses
1090,General Petite,Dresses,Dresses
1091,General / General Petite,Dresses,Dresses
1092,General / General Petite,Dresses,Dresses
1093,General / General Petite,Dresses,Dresses
1094,General / General Petite,Dresses,Dresses
1095,General / General Petite,Dresses,Dresses
1096,General / General Petite,Dresses,Dresses
1097,General / General Petite,Dresses,Dresses
1098,General / General Petite,Dresses,Dresses
1099,General / General Petite,Dresses,Dresses
1100,General / General Petite,Dresses,Dresses
1101,General Petite,Dresses,Dresses
1102,General / General Petite,Dresses,Dresses
1103,General / General Petite,Dresses,Dresses
1104,General / General Petite,Dresses,Dresses
1105,General,Dresses,Dresses
1106,General Petite,Dresses,Dresses
1107,General / General Petite,Dresses,Dresses
1108,General,Dresses,Dresses
1109,General / General Petite,Dresses,Dresses
1110,General / General Petite,Dresses,Dresses
1111,General / General Petite,Dresses,Dresses
1112,General / General Petite,Jackets,Outerwear
1113,General,Jackets,Outerwear
1114,General,Jackets,Outerwear
1115,General,Jackets,Outerwear
1116,General / General Petite,Jackets,Outerwear
1117,General / General Petite,Jackets,Outerwear
1118,General,Jackets,Outerwear
1119,General / General Petite,Jackets,Jackets
1120,General,Jackets,Outerwear
1121,General,Jackets,Outerwear
1122,General / General Petite,Jackets,Outerwear
1123,General / General Petite,Jackets,Outerwear
1124,General Petite,Jackets,Outerwear
1125,General / General Petite,Jackets,Outerwear
1126,General / General Petite,Jackets,Outerwear
1127,General,Jackets,Outerwear
1128,General,Jackets,Outerwear
1129,General,Jackets,Outerwear
1130,General Petite,Jackets,Outerwear
1131,General / General Petite,Jackets,Outerwear
1132,General Petite,Jackets,Outerwear
1133,General / General Petite,Jackets,Outerwear
1134,General,Jackets,Outerwear
1135,General,Trend,Trend
1136,General,Trend,Trend
1137,General,Trend,Trend
1138,General,Trend,Trend
1139,General,Trend,Trend
1140,General / General Petite,Trend,Trend
1141,General,Trend,Trend
1142,General / General Petite,Trend,Trend
1143,General,Trend,Trend
1144,General,Trend,Trend
1145,General,Trend,Trend
1146,General / General Petite,Trend,Trend
1147,General / General Petite,Trend,Trend
1148,General Petite,Bottoms,Jeans
1149,General Petite,Dresses,Dresses
1150,General,Dresses,Dresses
1151,General,Dresses,Dresses
1152,General,Dresses,Dresses
1153,General,Dresses,Dresses
1154,Initmates,Intimate,Intimates
1155,Initmates,Intimate,Swim
1156,Initmates,Intimate,Swim
1157,Initmates,Intimate,Swim
1158,Initmates,Intimate,Intimates
1159,Initmates,Intimate,Layering
1160,Initmates,Intimate,Layering
1161,Initmates,Intimate,Intimates
1162,Initmates,Intimate,Lounge
1163,Initmates,Intimate,Sleep
1164,Initmates,Intimate,Layering
1165,Initmates,Intimate,Swim
1166,Initmates,Intimate,Swim
1167,Initmates,Intimate,Swim
1168,Initmates,Intimate,Swim
1169,Initmates,Intimate,Swim
1170,Initmates,Intimate,Swim
1171,Initmates,Intimate,Swim
1172,Initmates,Intimate,Swim
1173,Initmates,Intimate,Intimates
1174,Initmates,Intimate,Swim
1175,Initmates,Intimate,Swim
1176,Initmates,Intimate,Swim
1177,Initmates,Intimate,Swim
1178,Initmates,Intimate,Intimates
1179,General Petite,Tops,Blouses
1180,General,Tops,Blouses
1181,General Petite,Tops,Knits
1182,General Petite,Tops,Knits
1183,General,Tops,Knits
1184,General Petite,Tops,Knits
1185,General,Tops,Knits
1186,General,Tops,Knits
1187,General,Tops,Knits
1188,General Petite,Tops,Fine gauge
1189,General,Bottoms,Jeans
1190,General Petite,Bottoms,Jeans
1191,General,Bottoms,Pants
1192,General,Bottoms,Pants
1193,General,Dresses,Dresses
1194,General,Dresses,Dresses
1195,General,Dresses,Dresses
1196,General Petite,Dresses,Dresses
1197,General,Dresses,Dresses
1198,General,Dresses,Dresses
1199,General Petite,Dresses,Dresses
1200,General,Dresses,Dresses
1201,General,Dresses,Dresses
1202,General Petite,Dresses,Dresses
1203,Initmates,Intimate,Layering
1204,General Petite,Bottoms,Pants
1205,General,Bottoms,Pants
